family_key,field,filled,total,coverage_percent
alisveris_finansmani,amount,4,15,26.7
alisveris_finansmani,collateral,0,15,0.0
alisveris_finansmani,eligibility_condition,0,15,0.0
alisveris_finansmani,financing_ratio,0,15,0.0
alisveris_finansmani,maturity,12,15,80.0
alisveris_finansmani,payment_structure,0,15,0.0
alisveris_finansmani,pricing,5,15,33.3
alisveris_finansmani,state_support,0,15,0.0
alisveris_finansmani,target_segment,15,15,100.0
alisveris_finansmani,transaction_structure,0,15,0.0
alisveris_finansmani,usage_purpose,1,15,6.7
arac_finansmani,amount,1,24,4.2
arac_finansmani,collateral,0,24,0.0
arac_finansmani,eligibility_condition,0,24,0.0
arac_finansmani,financing_ratio,9,24,37.5
arac_finansmani,maturity,20,24,83.3
arac_finansmani,payment_structure,0,24,0.0
arac_finansmani,pricing,19,24,79.2
arac_finansmani,state_support,0,24,0.0
arac_finansmani,target_segment,24,24,100.0
arac_finansmani,transaction_structure,1,24,4.2
arac_finansmani,usage_purpose,5,24,20.8
arsa_finansmani,amount,0,8,0.0
arsa_finansmani,collateral,0,8,0.0
arsa_finansmani,eligibility_condition,0,8,0.0
arsa_finansmani,financing_ratio,2,8,25.0
arsa_finansmani,maturity,8,8,100.0
arsa_finansmani,payment_structure,0,8,0.0
arsa_finansmani,pricing,6,8,75.0
arsa_finansmani,state_support,0,8,0.0
arsa_finansmani,target_segment,8,8,100.0
arsa_finansmani,transaction_structure,0,8,0.0
arsa_finansmani,usage_purpose,7,8,87.5
finansman,amount,0,1,0.0
finansman,collateral,0,1,0.0
finansman,eligibility_condition,0,1,0.0
finansman,financing_ratio,0,1,0.0
finansman,maturity,1,1,100.0
finansman,payment_structure,0,1,0.0
finansman,pricing,0,1,0.0
finansman,state_support,0,1,0.0
finansman,target_segment,1,1,100.0
finansman,transaction_structure,1,1,100.0
finansman,usage_purpose,1,1,100.0
gayri_nakdi_finansman,amount,0,32,0.0
gayri_nakdi_finansman,collateral,0,32,0.0
gayri_nakdi_finansman,eligibility_condition,0,32,0.0
gayri_nakdi_finansman,financing_ratio,0,32,0.0
gayri_nakdi_finansman,maturity,0,32,0.0
gayri_nakdi_finansman,payment_structure,0,32,0.0
gayri_nakdi_finansman,pricing,0,32,0.0
gayri_nakdi_finansman,state_support,0,32,0.0
gayri_nakdi_finansman,target_segment,32,32,100.0
gayri_nakdi_finansman,transaction_structure,25,32,78.1
gayri_nakdi_finansman,usage_purpose,22,32,68.8
gayrimenkul_finansmani,amount,0,2,0.0
gayrimenkul_finansmani,collateral,0,2,0.0
gayrimenkul_finansmani,eligibility_condition,0,2,0.0
gayrimenkul_finansmani,financing_ratio,0,2,0.0
gayrimenkul_finansmani,maturity,1,2,50.0
gayrimenkul_finansmani,payment_structure,0,2,0.0
gayrimenkul_finansmani,pricing,1,2,50.0
gayrimenkul_finansmani,state_support,0,2,0.0
gayrimenkul_finansmani,target_segment,2,2,100.0
gayrimenkul_finansmani,transaction_structure,0,2,0.0
gayrimenkul_finansmani,usage_purpose,1,2,50.0
ihtiyac_finansmani,amount,7,50,14.0
ihtiyac_finansmani,collateral,0,50,0.0
ihtiyac_finansmani,eligibility_condition,0,50,0.0
ihtiyac_finansmani,financing_ratio,0,50,0.0
ihtiyac_finansmani,maturity,22,50,44.0
ihtiyac_finansmani,payment_structure,0,50,0.0
ihtiyac_finansmani,pricing,35,50,70.0
ihtiyac_finansmani,state_support,0,50,0.0
ihtiyac_finansmani,target_segment,50,50,100.0
ihtiyac_finansmani,transaction_structure,2,50,4.0
ihtiyac_finansmani,usage_purpose,14,50,28.0
isyeri_finansmani,amount,0,7,0.0
isyeri_finansmani,collateral,0,7,0.0
isyeri_finansmani,eligibility_condition,0,7,0.0
isyeri_finansmani,financing_ratio,2,7,28.6
isyeri_finansmani,maturity,7,7,100.0
isyeri_finansmani,payment_structure,0,7,0.0
isyeri_finansmani,pricing,3,7,42.9
isyeri_finansmani,state_support,0,7,0.0
isyeri_finansmani,target_segment,7,7,100.0
isyeri_finansmani,transaction_structure,0,7,0.0
isyeri_finansmani,usage_purpose,2,7,28.6
konut_finansmani,amount,2,19,10.5
konut_finansmani,collateral,0,19,0.0
konut_finansmani,eligibility_condition,0,19,0.0
konut_finansmani,financing_ratio,5,19,26.3
konut_finansmani,maturity,10,19,52.6
konut_finansmani,payment_structure,0,19,0.0
konut_finansmani,pricing,9,19,47.4
konut_finansmani,state_support,1,19,5.3
konut_finansmani,target_segment,19,19,100.0
konut_finansmani,transaction_structure,0,19,0.0
konut_finansmani,usage_purpose,12,19,63.2
leasing,amount,0,11,0.0
leasing,collateral,0,11,0.0
leasing,eligibility_condition,0,11,0.0
leasing,financing_ratio,3,11,27.3
leasing,maturity,1,11,9.1
leasing,payment_structure,0,11,0.0
leasing,pricing,1,11,9.1
leasing,state_support,0,11,0.0
leasing,target_segment,11,11,100.0
leasing,transaction_structure,0,11,0.0
leasing,usage_purpose,7,11,63.6
surdurulebilir_finansman,amount,0,4,0.0
surdurulebilir_finansman,collateral,0,4,0.0
surdurulebilir_finansman,eligibility_condition,0,4,0.0
surdurulebilir_finansman,financing_ratio,0,4,0.0
surdurulebilir_finansman,maturity,1,4,25.0
surdurulebilir_finansman,payment_structure,0,4,0.0
surdurulebilir_finansman,pricing,3,4,75.0
surdurulebilir_finansman,state_support,0,4,0.0
surdurulebilir_finansman,target_segment,4,4,100.0
surdurulebilir_finansman,transaction_structure,1,4,25.0
surdurulebilir_finansman,usage_purpose,1,4,25.0
tarim_finansmani,amount,0,25,0.0
tarim_finansmani,collateral,0,25,0.0
tarim_finansmani,eligibility_condition,1,25,4.0
tarim_finansmani,financing_ratio,1,25,4.0
tarim_finansmani,maturity,6,25,24.0
tarim_finansmani,payment_structure,0,25,0.0
tarim_finansmani,pricing,0,25,0.0
tarim_finansmani,state_support,12,25,48.0
tarim_finansmani,target_segment,25,25,100.0
tarim_finansmani,transaction_structure,17,25,68.0
tarim_finansmani,usage_purpose,24,25,96.0
ticari_finansman,amount,4,76,5.3
ticari_finansman,collateral,0,76,0.0
ticari_finansman,eligibility_condition,0,76,0.0
ticari_finansman,financing_ratio,0,76,0.0
ticari_finansman,maturity,8,76,10.5
ticari_finansman,payment_structure,0,76,0.0
ticari_finansman,pricing,2,76,2.6
ticari_finansman,state_support,0,76,0.0
ticari_finansman,target_segment,76,76,100.0
ticari_finansman,transaction_structure,8,76,10.5
ticari_finansman,usage_purpose,40,76,52.6
