product_id,scenario_key,scenario_type,input_amount,input_maturity_months,input_variant,profit_share_rate,monthly_installment,total_repayment,monthly_cost_rate,annual_cost_rate,effective_annual_profit_rate,allocation_fee,mortgage_fee,appraisal_fee,total_fees,scenario_status,source_kind,source_note,checked_at,bank_name,product_name,source_url,product_family_key,product_family
11,benchmark_100000_36,live_calculator_snapshot,100000.0,36,standard,4.01,6209.72,223550.02,5.258698,84.967712,,575.00,0.00,0.00,575.00,verified_live_calculator_direct_mapping,official_live_calculator_endpoint,"100,000 TL / 36 month benchmark from Kuveyt Turk official server-side LoanCalculator response. TotalAmount is stored as the bank-returned installment total. Fees are stored separately. AnnualSimpleProfitRate is retained in raw_output only.",2026-08-20T02:15:15.900005+03:00,Kuveyt Türk,Alışveriş Finansmanı,https://www.kuveytturk.com.tr/hesaplama-araclari/finansman-hesaplama,alisveris_finansmani,Alışveriş Finansmanı
19,benchmark_100000_36,live_calculator_snapshot,100000.0,36,2el_binek,3.67,5866.78,211203.29,4.815200,75.829290,,575.00,0.00,0.00,575.00,verified_live_calculator_direct_mapping,official_live_calculator_endpoint,"100,000 TL / 36 month benchmark from Kuveyt Turk official server-side LoanCalculator response. TotalAmount is stored as the bank-returned installment total. Fees are stored separately. AnnualSimpleProfitRate is retained in raw_output only.",2026-08-20T02:15:15.900005+03:00,Kuveyt Türk,Araç Finansmanı,https://www.kuveytturk.com.tr/hesaplama-araclari/finansman-hesaplama,arac_finansmani,Taşıt Finansmanı
19,benchmark_100000_36,live_calculator_snapshot,100000.0,36,yeni_binek,3.67,5866.78,211203.29,4.815200,75.829290,,575.00,0.00,0.00,575.00,verified_live_calculator_direct_mapping,official_live_calculator_endpoint,"100,000 TL / 36 month benchmark from Kuveyt Turk official server-side LoanCalculator response. TotalAmount is stored as the bank-returned installment total. Fees are stored separately. AnnualSimpleProfitRate is retained in raw_output only.",2026-08-20T02:15:15.900005+03:00,Kuveyt Türk,Araç Finansmanı,https://www.kuveytturk.com.tr/hesaplama-araclari/finansman-hesaplama,arac_finansmani,Taşıt Finansmanı
20,benchmark_100000_36,live_calculator_snapshot,100000.0,36,binek_dijital,3.62,5817.02,209413.32,4.749984,74.520951,,575.00,0.00,0.00,575.00,verified_live_calculator_direct_mapping,official_live_calculator_endpoint,"100,000 TL / 36 month benchmark from Kuveyt Turk official server-side LoanCalculator response. TotalAmount is stored as the bank-returned installment total. Fees are stored separately. AnnualSimpleProfitRate is retained in raw_output only.",2026-08-20T02:15:15.900005+03:00,Kuveyt Türk,Dijital Araç Finansmanı,https://www.kuveytturk.com.tr/hesaplama-araclari/finansman-hesaplama,arac_finansmani,Taşıt Finansmanı
31,benchmark_100000_36,live_calculator_snapshot,100000.0,36,standard,4.49,6707.14,241456.19,8.984516,180.787393,,575.00,4500.00,23645.00,28720.00,verified_live_calculator_direct_mapping,official_live_calculator_endpoint,"100,000 TL / 36 month benchmark from Kuveyt Turk official server-side LoanCalculator response. TotalAmount is stored as the bank-returned installment total. Fees are stored separately. AnnualSimpleProfitRate is retained in raw_output only.",2026-08-20T02:15:15.900005+03:00,Kuveyt Türk,Arsa Finansmanı,https://www.kuveytturk.com.tr/hesaplama-araclari/finansman-hesaplama,arsa_finansmani,Arsa Finansmanı
33,benchmark_100000_36,live_calculator_snapshot,100000.0,36,standard,3.56,4971.02,178956.33,6.164389,104.996472,,575.00,4500.00,23645.00,28720.00,verified_live_calculator_direct_mapping,official_live_calculator_endpoint,"100,000 TL / 36 month benchmark from Kuveyt Turk official server-side LoanCalculator response. TotalAmount is stored as the bank-returned installment total. Fees are stored separately. AnnualSimpleProfitRate is retained in raw_output only.",2026-08-20T02:15:15.900005+03:00,Kuveyt Türk,Konut Finansmanı,https://www.kuveytturk.com.tr/hesaplama-araclari/finansman-hesaplama,konut_finansmani,Konut Finansmanı
36,benchmark_100000_36,live_calculator_snapshot,100000.0,36,standard,4.49,6707.14,241456.19,8.984516,180.787393,,575.00,4500.00,23645.00,28720.00,verified_live_calculator_direct_mapping,official_live_calculator_endpoint,"100,000 TL / 36 month benchmark from Kuveyt Turk official server-side LoanCalculator response. TotalAmount is stored as the bank-returned installment total. Fees are stored separately. AnnualSimpleProfitRate is retained in raw_output only.",2026-08-20T02:15:15.900005+03:00,Kuveyt Türk,İş Yeri Finansmanı,https://www.kuveytturk.com.tr/hesaplama-araclari/finansman-hesaplama,isyeri_finansmani,İş Yeri Finansmanı
46,benchmark_100000_36,live_calculator_snapshot,100000.0,36,standard,4.27,6477.3,233182.27,5.597878,92.248196,,575.00,0.00,0.00,575.00,verified_live_calculator_direct_mapping,official_live_calculator_endpoint,"100,000 TL / 36 month benchmark from Kuveyt Turk official server-side LoanCalculator response. TotalAmount is stored as the bank-returned installment total. Fees are stored separately. AnnualSimpleProfitRate is retained in raw_output only.",2026-08-20T02:15:15.900005+03:00,Kuveyt Türk,Bisiklet Finansmanı,https://www.kuveytturk.com.tr/hesaplama-araclari/finansman-hesaplama,ihtiyac_finansmani,İhtiyaç Finansmanı
48,benchmark_100000_36,live_calculator_snapshot,100000.0,36,standard,4.01,6209.72,223550.02,5.258698,84.967712,,575.00,0.00,0.00,575.00,verified_live_calculator_direct_mapping,official_live_calculator_endpoint,"100,000 TL / 36 month benchmark from Kuveyt Turk official server-side LoanCalculator response. TotalAmount is stored as the bank-returned installment total. Fees are stored separately. AnnualSimpleProfitRate is retained in raw_output only.",2026-08-20T02:15:15.900005+03:00,Kuveyt Türk,Eğitim Finansmanı,https://www.kuveytturk.com.tr/hesaplama-araclari/finansman-hesaplama,ihtiyac_finansmani,İhtiyaç Finansmanı
49,benchmark_100000_36,live_calculator_snapshot,100000.0,36,standard,4.01,6209.72,223550.02,5.258698,84.967712,,575.00,0.00,0.00,575.00,verified_live_calculator_direct_mapping,official_live_calculator_endpoint,"100,000 TL / 36 month benchmark from Kuveyt Turk official server-side LoanCalculator response. TotalAmount is stored as the bank-returned installment total. Fees are stored separately. AnnualSimpleProfitRate is retained in raw_output only.",2026-08-20T02:15:15.900005+03:00,Kuveyt Türk,Hac-Umre Finansmanı,https://www.kuveytturk.com.tr/hesaplama-araclari/finansman-hesaplama,ihtiyac_finansmani,İhtiyaç Finansmanı
51,benchmark_100000_36,live_calculator_snapshot,100000.0,36,standard,4.01,6209.72,223550.02,5.258698,84.967712,,575.00,0.00,0.00,575.00,verified_live_calculator_direct_mapping,official_live_calculator_endpoint,"100,000 TL / 36 month benchmark from Kuveyt Turk official server-side LoanCalculator response. TotalAmount is stored as the bank-returned installment total. Fees are stored separately. AnnualSimpleProfitRate is retained in raw_output only.",2026-08-20T02:15:15.900005+03:00,Kuveyt Türk,Kira Finansmanı,https://www.kuveytturk.com.tr/hesaplama-araclari/finansman-hesaplama,ihtiyac_finansmani,İhtiyaç Finansmanı
52,benchmark_100000_36,live_calculator_snapshot,100000.0,36,standard,4.01,6209.72,223550.02,5.258698,84.967712,,575.00,0.00,0.00,575.00,verified_live_calculator_direct_mapping,official_live_calculator_endpoint,"100,000 TL / 36 month benchmark from Kuveyt Turk official server-side LoanCalculator response. TotalAmount is stored as the bank-returned installment total. Fees are stored separately. AnnualSimpleProfitRate is retained in raw_output only.",2026-08-20T02:15:15.900005+03:00,Kuveyt Türk,Seyahat Finansmanı,https://www.kuveytturk.com.tr/hesaplama-araclari/finansman-hesaplama,ihtiyac_finansmani,İhtiyaç Finansmanı
53,benchmark_100000_36,live_calculator_snapshot,100000.0,36,standard,4.01,6209.72,223550.02,5.258698,84.967712,,575.00,0.00,0.00,575.00,verified_live_calculator_direct_mapping,official_live_calculator_endpoint,"100,000 TL / 36 month benchmark from Kuveyt Turk official server-side LoanCalculator response. TotalAmount is stored as the bank-returned installment total. Fees are stored separately. AnnualSimpleProfitRate is retained in raw_output only.",2026-08-20T02:15:15.900005+03:00,Kuveyt Türk,Tekne Tüketici Finansmanı,https://www.kuveytturk.com.tr/hesaplama-araclari/finansman-hesaplama,ihtiyac_finansmani,İhtiyaç Finansmanı
62,benchmark_100000_36,live_calculator_snapshot,100000.0,36,sigortali,3.48,5678.71,204433.56,,70.880000,,,,,,verified_live_calculator_mapped,official_live_calculator_endpoint,"100,000 TL / 36 month benchmark. Calculator variant mapped to BANSA product and calculated with the bank's published client-side algorithm. Fee fields are not added to installment total.",2026-08-20T01:50:11.328108+03:00,Türkiye Finans,Motosiklet Finansmanı (Motosiklet Kredisi)*,https://www.turkiyefinans.com.tr/tr-tr/hesaplama-araclari/Sayfalar/finansman-odeme-plani.aspx,arac_finansmani,Taşıt Finansmanı
62,benchmark_100000_36,live_calculator_snapshot,100000.0,36,sigortasiz,4.08,6281.32,226127.52,,86.880000,,,,,,verified_live_calculator_mapped,official_live_calculator_endpoint,"100,000 TL / 36 month benchmark. Calculator variant mapped to BANSA product and calculated with the bank's published client-side algorithm. Fee fields are not added to installment total.",2026-08-20T01:50:11.328108+03:00,Türkiye Finans,Motosiklet Finansmanı (Motosiklet Kredisi)*,https://www.turkiyefinans.com.tr/tr-tr/hesaplama-araclari/Sayfalar/finansman-odeme-plani.aspx,arac_finansmani,Taşıt Finansmanı
64,benchmark_100000_36,live_calculator_snapshot,100000.0,36,0km_sigortali,3.48,5678.71,204433.56,,70.880000,,,,,,verified_live_calculator_mapped,official_live_calculator_endpoint,"100,000 TL / 36 month benchmark. Calculator variant mapped to BANSA product and calculated with the bank's published client-side algorithm. Fee fields are not added to installment total.",2026-08-20T01:50:11.328108+03:00,Türkiye Finans,Taşıt Finansmanı (Taşıt Kredisi)*,https://www.turkiyefinans.com.tr/tr-tr/hesaplama-araclari/Sayfalar/finansman-odeme-plani.aspx,arac_finansmani,Taşıt Finansmanı
64,benchmark_100000_36,live_calculator_snapshot,100000.0,36,0km_sigortasiz,4.08,6281.32,226127.52,,86.880000,,,,,,verified_live_calculator_mapped,official_live_calculator_endpoint,"100,000 TL / 36 month benchmark. Calculator variant mapped to BANSA product and calculated with the bank's published client-side algorithm. Fee fields are not added to installment total.",2026-08-20T01:50:11.328108+03:00,Türkiye Finans,Taşıt Finansmanı (Taşıt Kredisi)*,https://www.turkiyefinans.com.tr/tr-tr/hesaplama-araclari/Sayfalar/finansman-odeme-plani.aspx,arac_finansmani,Taşıt Finansmanı
64,benchmark_100000_36,live_calculator_snapshot,100000.0,36,2el_sigortali,3.48,5678.71,204433.56,,70.880000,,,,,,verified_live_calculator_mapped,official_live_calculator_endpoint,"100,000 TL / 36 month benchmark. Calculator variant mapped to BANSA product and calculated with the bank's published client-side algorithm. Fee fields are not added to installment total.",2026-08-20T01:50:11.328108+03:00,Türkiye Finans,Taşıt Finansmanı (Taşıt Kredisi)*,https://www.turkiyefinans.com.tr/tr-tr/hesaplama-araclari/Sayfalar/finansman-odeme-plani.aspx,arac_finansmani,Taşıt Finansmanı
64,benchmark_100000_36,live_calculator_snapshot,100000.0,36,2el_sigortasiz,4.08,6281.32,226127.52,,86.880000,,,,,,verified_live_calculator_mapped,official_live_calculator_endpoint,"100,000 TL / 36 month benchmark. Calculator variant mapped to BANSA product and calculated with the bank's published client-side algorithm. Fee fields are not added to installment total.",2026-08-20T01:50:11.328108+03:00,Türkiye Finans,Taşıt Finansmanı (Taşıt Kredisi)*,https://www.turkiyefinans.com.tr/tr-tr/hesaplama-araclari/Sayfalar/finansman-odeme-plani.aspx,arac_finansmani,Taşıt Finansmanı
66,benchmark_100000_36,live_calculator_snapshot,100000.0,36,sigortali,4.29,6498.06,233930.16,,139.500000,,,,,,verified_live_calculator_mapped,official_live_calculator_endpoint,"100,000 TL / 36 month benchmark. Calculator variant mapped to BANSA product and calculated with the bank's published client-side algorithm. Fee fields are not added to installment total.",2026-08-20T01:50:11.328108+03:00,Türkiye Finans,Arsa Finansmanı (Arsa Kredisi)*,https://www.turkiyefinans.com.tr/tr-tr/hesaplama-araclari/Sayfalar/finansman-odeme-plani.aspx,arsa_finansmani,Arsa Finansmanı
66,benchmark_100000_36,live_calculator_snapshot,100000.0,36,sigortasiz,4.54,6759.8,243352.8,,149.770000,,,,,,verified_live_calculator_mapped,official_live_calculator_endpoint,"100,000 TL / 36 month benchmark. Calculator variant mapped to BANSA product and calculated with the bank's published client-side algorithm. Fee fields are not added to installment total.",2026-08-20T01:50:11.328108+03:00,Türkiye Finans,Arsa Finansmanı (Arsa Kredisi)*,https://www.turkiyefinans.com.tr/tr-tr/hesaplama-araclari/Sayfalar/finansman-odeme-plani.aspx,arsa_finansmani,Arsa Finansmanı
67,benchmark_100000_36,live_calculator_snapshot,100000.0,36,ilk_konut_sigortali,3.58,4985.25,179469.0,,84.670000,,,,,,verified_live_calculator_mapped,official_live_calculator_endpoint,"100,000 TL / 36 month benchmark. Calculator variant mapped to BANSA product and calculated with the bank's published client-side algorithm. Fee fields are not added to installment total.",2026-08-20T01:50:11.328108+03:00,Türkiye Finans,Konut Finansmanı (Konut Kredisi)*,https://www.turkiyefinans.com.tr/tr-tr/hesaplama-araclari/Sayfalar/finansman-odeme-plani.aspx,konut_finansmani,Konut Finansmanı
67,benchmark_100000_36,live_calculator_snapshot,100000.0,36,ilk_konut_sigortasiz,4.04,5318.02,191448.72,,95.980000,,,,,,verified_live_calculator_mapped,official_live_calculator_endpoint,"100,000 TL / 36 month benchmark. Calculator variant mapped to BANSA product and calculated with the bank's published client-side algorithm. Fee fields are not added to installment total.",2026-08-20T01:50:11.328108+03:00,Türkiye Finans,Konut Finansmanı (Konut Kredisi)*,https://www.turkiyefinans.com.tr/tr-tr/hesaplama-araclari/Sayfalar/finansman-odeme-plani.aspx,konut_finansmani,Konut Finansmanı
67,benchmark_100000_36,live_calculator_snapshot,100000.0,36,mevcut_konut_sigortali,3.58,5374.69,193488.84,,98.120000,,,,,,verified_live_calculator_mapped,official_live_calculator_endpoint,"100,000 TL / 36 month benchmark. Calculator variant mapped to BANSA product and calculated with the bank's published client-side algorithm. Fee fields are not added to installment total.",2026-08-20T01:50:11.328108+03:00,Türkiye Finans,Konut Finansmanı (Konut Kredisi)*,https://www.turkiyefinans.com.tr/tr-tr/hesaplama-araclari/Sayfalar/finansman-odeme-plani.aspx,konut_finansmani,Konut Finansmanı
67,benchmark_100000_36,live_calculator_snapshot,100000.0,36,mevcut_konut_sigortasiz,4.04,5771.27,207765.72,,112.140000,,,,,,verified_live_calculator_mapped,official_live_calculator_endpoint,"100,000 TL / 36 month benchmark. Calculator variant mapped to BANSA product and calculated with the bank's published client-side algorithm. Fee fields are not added to installment total.",2026-08-20T01:50:11.328108+03:00,Türkiye Finans,Konut Finansmanı (Konut Kredisi)*,https://www.turkiyefinans.com.tr/tr-tr/hesaplama-araclari/Sayfalar/finansman-odeme-plani.aspx,konut_finansmani,Konut Finansmanı
70,benchmark_100000_36,live_calculator_snapshot,100000.0,36,sigortali,3.8,5996.94,215889.84,,79.270000,,,,,,verified_live_calculator_mapped,official_live_calculator_endpoint,"100,000 TL / 36 month benchmark. Live calculator rate mapping validated against the official digital product table.",2026-08-20T01:36:03.299906+03:00,Türkiye Finans,Dijital İhtiyaç Finansmanı (Dijital İhtiyaç Kredisi)*,https://www.turkiyefinans.com.tr/tr-tr/hesaplama-araclari/Sayfalar/finansman-odeme-plani.aspx,ihtiyac_finansmani,İhtiyaç Finansmanı
70,benchmark_100000_36,live_calculator_snapshot,100000.0,36,sigortasiz,5.7,8021.88,288787.68,,137.220000,,,,,,verified_live_calculator_mapped,official_live_calculator_endpoint,"100,000 TL / 36 month benchmark. Live calculator rate mapping validated against the official digital product table.",2026-08-20T01:36:03.299906+03:00,Türkiye Finans,Dijital İhtiyaç Finansmanı (Dijital İhtiyaç Kredisi)*,https://www.turkiyefinans.com.tr/tr-tr/hesaplama-araclari/Sayfalar/finansman-odeme-plani.aspx,ihtiyac_finansmani,İhtiyaç Finansmanı
72,benchmark_100000_36,live_calculator_snapshot,100000.0,36,sigortali,3.8,5996.94,215889.84,,79.270000,,,,,,verified_live_calculator_mapped,official_live_calculator_endpoint,"100,000 TL / 36 month benchmark. Calculator variant mapped to BANSA product and calculated with the bank's published client-side algorithm. Fee fields are not added to installment total.",2026-08-20T01:50:11.328108+03:00,Türkiye Finans,İhtiyaç Finansmanı (İhtiyaç Kredisi)*,https://www.turkiyefinans.com.tr/tr-tr/hesaplama-araclari/Sayfalar/finansman-odeme-plani.aspx,ihtiyac_finansmani,İhtiyaç Finansmanı
72,benchmark_100000_36,live_calculator_snapshot,100000.0,36,sigortasiz,5.7,8021.88,288787.68,,137.220000,,,,,,verified_live_calculator_mapped,official_live_calculator_endpoint,"100,000 TL / 36 month benchmark. Calculator variant mapped to BANSA product and calculated with the bank's published client-side algorithm. Fee fields are not added to installment total.",2026-08-20T01:50:11.328108+03:00,Türkiye Finans,İhtiyaç Finansmanı (İhtiyaç Kredisi)*,https://www.turkiyefinans.com.tr/tr-tr/hesaplama-araclari/Sayfalar/finansman-odeme-plani.aspx,ihtiyac_finansmani,İhtiyaç Finansmanı
73,benchmark_100000_36,live_calculator_snapshot,100000.0,36,sigortali,4.08,6281.32,226127.52,,131.200000,,,,,,verified_live_calculator_mapped,official_live_calculator_endpoint,"100,000 TL / 36 month benchmark. Calculator variant mapped to BANSA product and calculated with the bank's published client-side algorithm. Fee fields are not added to installment total.",2026-08-20T01:50:11.328108+03:00,Türkiye Finans,İş yeri Finansmanı (İş yeri Kredisi)*,https://www.turkiyefinans.com.tr/tr-tr/hesaplama-araclari/Sayfalar/finansman-odeme-plani.aspx,isyeri_finansmani,İş Yeri Finansmanı
73,benchmark_100000_36,live_calculator_snapshot,100000.0,36,sigortasiz,4.54,6759.8,243352.8,,149.770000,,,,,,verified_live_calculator_mapped,official_live_calculator_endpoint,"100,000 TL / 36 month benchmark. Calculator variant mapped to BANSA product and calculated with the bank's published client-side algorithm. Fee fields are not added to installment total.",2026-08-20T01:50:11.328108+03:00,Türkiye Finans,İş yeri Finansmanı (İş yeri Kredisi)*,https://www.turkiyefinans.com.tr/tr-tr/hesaplama-araclari/Sayfalar/finansman-odeme-plani.aspx,isyeri_finansmani,İş Yeri Finansmanı
86,benchmark_100000_36,live_calculator_snapshot,100000.0,36,standard,3.21,5430.55,195499.16,,64.120000,,575.00,,,575.00,verified_live_calculator_direct_mapping,official_live_calculator_endpoint,"Albaraka Türk resmi finansman hesaplama aracından 100.000 TL / 36 ay için canlı olarak doğrulandı. TotalAmountTobeRefunded, resmi ödeme planı taksit toplamı ile doğrulandı. Kanonik ürün kâr payı değiştirilmedi.",2026-08-20T02:37:03.400880+03:00,Albaraka Türk,Dijital Araç Finansmanı,https://www.albaraka.com.tr/tr/hesaplama-araclari/finansman-hesaplama/ihtiyac-finansmani-hesaplama,arac_finansmani,Taşıt Finansmanı
87,benchmark_100000_36,live_calculator_snapshot,100000.0,36,0km,3.21,5430.55,195499.16,,64.120000,,575.00,,,575.00,verified_live_calculator_direct_mapping,official_live_calculator_endpoint,"Albaraka Türk resmi finansman hesaplama aracından 100.000 TL / 36 ay için canlı olarak doğrulandı. TotalAmountTobeRefunded, resmi ödeme planı taksit toplamı ile doğrulandı. Kanonik ürün kâr payı değiştirilmedi.",2026-08-20T02:37:03.400880+03:00,Albaraka Türk,Taşıt Finansmanı,https://www.albaraka.com.tr/tr/hesaplama-araclari/finansman-hesaplama/ihtiyac-finansmani-hesaplama,arac_finansmani,Taşıt Finansmanı
87,benchmark_100000_36,live_calculator_snapshot,100000.0,36,2el,3.21,5430.55,195499.16,,64.120000,,575.00,,,575.00,verified_live_calculator_direct_mapping,official_live_calculator_endpoint,"Albaraka Türk resmi finansman hesaplama aracından 100.000 TL / 36 ay için canlı olarak doğrulandı. TotalAmountTobeRefunded, resmi ödeme planı taksit toplamı ile doğrulandı. Kanonik ürün kâr payı değiştirilmedi.",2026-08-20T02:37:03.400880+03:00,Albaraka Türk,Taşıt Finansmanı,https://www.albaraka.com.tr/tr/hesaplama-araclari/finansman-hesaplama/ihtiyac-finansmani-hesaplama,arac_finansmani,Taşıt Finansmanı
91,benchmark_100000_36,live_calculator_snapshot,100000.0,36,standard,3.85,6066.54,218396.09,,80.610000,,575.00,,,575.00,verified_live_calculator_direct_mapping,official_live_calculator_endpoint,"Albaraka Türk resmi finansman hesaplama aracından 100.000 TL / 36 ay için canlı olarak doğrulandı. TotalAmountTobeRefunded, resmi ödeme planı taksit toplamı ile doğrulandı. Kanonik ürün kâr payı değiştirilmedi.",2026-08-20T02:37:03.400880+03:00,Albaraka Türk,Arsa Finansmanı,https://www.albaraka.com.tr/tr/hesaplama-araclari/finansman-hesaplama/ihtiyac-finansmani-hesaplama,arsa_finansmani,Arsa Finansmanı
97,benchmark_100000_36,live_calculator_snapshot,100000.0,36,ilk_ev,3.04,4616.82,166205.69,,88.450000,,500.00,3684.00,23642.27,27826.27,verified_live_calculator_direct_mapping,official_live_calculator_endpoint,"Albaraka Türk resmi finansman hesaplama aracından 100.000 TL / 36 ay için canlı olarak doğrulandı. TotalAmountTobeRefunded, resmi ödeme planı taksit toplamı ile doğrulandı. Kanonik ürün kâr payı değiştirilmedi.",2026-08-20T02:37:03.400880+03:00,Albaraka Türk,Konut Finansmanı,https://www.albaraka.com.tr/tr/hesaplama-araclari/finansman-hesaplama/ihtiyac-finansmani-hesaplama,konut_finansmani,Konut Finansmanı
97,benchmark_100000_36,live_calculator_snapshot,100000.0,36,mevcut_konut,3.04,4616.82,166205.69,,88.450000,,500.00,3684.00,23642.27,27826.27,verified_live_calculator_direct_mapping,official_live_calculator_endpoint,"Albaraka Türk resmi finansman hesaplama aracından 100.000 TL / 36 ay için canlı olarak doğrulandı. TotalAmountTobeRefunded, resmi ödeme planı taksit toplamı ile doğrulandı. Kanonik ürün kâr payı değiştirilmedi.",2026-08-20T02:37:03.400880+03:00,Albaraka Türk,Konut Finansmanı,https://www.albaraka.com.tr/tr/hesaplama-araclari/finansman-hesaplama/ihtiyac-finansmani-hesaplama,konut_finansmani,Konut Finansmanı
118,benchmark_100000_36,live_calculator_snapshot,100000.0,36,standard,3.9,6117.5,220230.17,,81.960000,,575.00,,,575.00,verified_live_calculator_direct_mapping,official_live_calculator_endpoint,"Albaraka Türk resmi finansman hesaplama aracından 100.000 TL / 36 ay için canlı olarak doğrulandı. TotalAmountTobeRefunded, resmi ödeme planı taksit toplamı ile doğrulandı. Kanonik ürün kâr payı değiştirilmedi.",2026-08-20T02:37:03.400880+03:00,Albaraka Türk,"Motosiklet, ATV , Bisiklet",https://www.albaraka.com.tr/tr/hesaplama-araclari/finansman-hesaplama/ihtiyac-finansmani-hesaplama,ihtiyac_finansmani,İhtiyaç Finansmanı
123,benchmark_100000_36,live_calculator_snapshot,100000.0,36,standard,3.85,6066.54,218396.09,,80.610000,,575.00,,,575.00,verified_live_calculator_direct_mapping,official_live_calculator_endpoint,"Albaraka Türk resmi finansman hesaplama aracından 100.000 TL / 36 ay için canlı olarak doğrulandı. TotalAmountTobeRefunded, resmi ödeme planı taksit toplamı ile doğrulandı. Kanonik ürün kâr payı değiştirilmedi.",2026-08-20T02:37:03.400880+03:00,Albaraka Türk,İş Yeri Finansmanı,https://www.albaraka.com.tr/tr/hesaplama-araclari/finansman-hesaplama/ihtiyac-finansmani-hesaplama,isyeri_finansmani,İş Yeri Finansmanı
227,benchmark_100000_24,live_calculator_snapshot,100000.0,24,standard,3.99,7379.48,177107.71,,,,575.00,,,575.00,verified_live_calculator_direct_mapping,official_live_calculator_endpoint,"100,000 TL / 24 month benchmark. The official frontend maturity rule maps 100,000 TL to 24 months. The rate is obtained from LoanRateList and the payment plan from GetLoanPayBackPlan. The calculator page explicitly associates its financing tool with Taksitli Alisveris Kredisi. Allocation fee is stored separately and is not added to total_repayment.",2026-08-20T14:26:07.930949+03:00,T.O.M. Katılım,Taksitli Alışveriş Kredisi,https://www.tombank.com.tr/hesaplama-araclari.html,alisveris_finansmani,Alışveriş Finansmanı
230,benchmark_100000_24,live_calculator_snapshot,100000.0,24,0km,4.29,7659.18,183820.42,,,,575.00,0.00,0.00,575.00,verified_live_calculator_direct_mapping,official_live_calculator_endpoint,"Turkiye Emlak Katilim official calculator live snapshot for 100,000 TL / 24 months using bank-rate mode. CustomRate was omitted because the official form disables that field when the bank rate is used. profit_share_rate=ProfitRate; monthly_installment=first standard payment-plan Amount; total_repayment=TotalInstallmentAmount; allocation_fee=CommissionAmount; mortgage_fee=HypothecAmount; appraisal_fee=ExpertiseAmount; total_fees=TotalExpense. TotalCost and MonthlyConstRate were kept only in raw_output and were NOT normalized. Canonical product data was not modified.",2026-08-20T13:00:15.746031+03:00,Türkiye Emlak Katılım,Taşıt Finansmanı,https://www.emlakkatilim.com.tr/tr,arac_finansmani,Taşıt Finansmanı
230,benchmark_100000_24,live_calculator_snapshot,100000.0,24,2el,4.29,7659.18,183820.42,,,,575.00,0.00,0.00,575.00,verified_live_calculator_direct_mapping,official_live_calculator_endpoint,"Turkiye Emlak Katilim official calculator live snapshot for 100,000 TL / 24 months using bank-rate mode. CustomRate was omitted because the official form disables that field when the bank rate is used. profit_share_rate=ProfitRate; monthly_installment=first standard payment-plan Amount; total_repayment=TotalInstallmentAmount; allocation_fee=CommissionAmount; mortgage_fee=HypothecAmount; appraisal_fee=ExpertiseAmount; total_fees=TotalExpense. TotalCost and MonthlyConstRate were kept only in raw_output and were NOT normalized. Canonical product data was not modified.",2026-08-20T13:00:15.746031+03:00,Türkiye Emlak Katılım,Taşıt Finansmanı,https://www.emlakkatilim.com.tr/tr,arac_finansmani,Taşıt Finansmanı
242,benchmark_100000_24,live_calculator_snapshot,100000.0,24,yeni_konut,3.39,6155.56,147733.31,,,,575.00,3684.00,11000.00,15184.00,verified_live_calculator_direct_mapping,official_live_calculator_endpoint,"Turkiye Emlak Katilim official calculator live snapshot for 100,000 TL / 24 months using bank-rate mode. CustomRate was omitted because the official form disables that field when the bank rate is used. profit_share_rate=ProfitRate; monthly_installment=first standard payment-plan Amount; total_repayment=TotalInstallmentAmount; allocation_fee=CommissionAmount; mortgage_fee=HypothecAmount; appraisal_fee=ExpertiseAmount; total_fees=TotalExpense. TotalCost and MonthlyConstRate were kept only in raw_output and were NOT normalized. Canonical product data was not modified. Official calculator returned fee components whose arithmetic sum differs from TotalExpense. BANSA preserved every official field without recalculation. component_sum=15259; TotalExpense=15184; delta=75.",2026-08-20T13:00:15.746031+03:00,Türkiye Emlak Katılım,Konut Finansmanı,https://www.emlakkatilim.com.tr/tr,konut_finansmani,Konut Finansmanı
273,benchmark_100000_24,live_calculator_snapshot,100000.0,24,standard,3.89,7287.32,174895.86,,,,575.00,0.00,0.00,575.00,verified_live_calculator_direct_mapping,official_live_calculator_endpoint,"Turkiye Emlak Katilim official calculator live snapshot for 100,000 TL / 24 months using bank-rate mode. CustomRate was omitted because the official form disables that field when the bank rate is used. profit_share_rate=ProfitRate; monthly_installment=first standard payment-plan Amount; total_repayment=TotalInstallmentAmount; allocation_fee=CommissionAmount; mortgage_fee=HypothecAmount; appraisal_fee=ExpertiseAmount; total_fees=TotalExpense. TotalCost and MonthlyConstRate were kept only in raw_output and were NOT normalized. Canonical product data was not modified.",2026-08-20T13:00:15.746031+03:00,Türkiye Emlak Katılım,Ev/Ofis Gereçleri Tüketici Finansmanı,https://www.emlakkatilim.com.tr/tr,ihtiyac_finansmani,İhtiyaç Finansmanı
286,benchmark_100000_36,live_calculator_snapshot,100000.0,36,0km,3.19,5396.85,194286.46,,,,,0.00,0.00,,verified_live_calculator_direct_mapping,official_live_calculator_endpoint,"Vakıf Katılım resmi finansman hesaplama aracından 100.000 TL / 36 ay için canlı olarak doğrulandı. total_repayment, bankanın 'Geri Ödenecek Toplam Tutar' değeridir. Ekspertiz ve ipotek değerleri hesaplayıcının doğrudan döndürdüğü alanlardır. Tahsis ücreti ve eksiksiz toplam masraf değeri response'ta bulunmadığından allocation_fee ve total_fees NULL bırakıldı. Kanonik ürün verileri değiştirilmedi.",2026-08-20T03:51:07.444480+03:00,Vakıf Katılım,Taşıt Finansmanı,https://www.vakifkatilim.com.tr/tr/yardimci-sayfalar/hesaplama-araclari/finansman-hesaplama,arac_finansmani,Taşıt Finansmanı
286,benchmark_100000_36,live_calculator_snapshot,100000.0,36,2el,3.19,5396.85,194286.46,,,,,0.00,0.00,,verified_live_calculator_direct_mapping,official_live_calculator_endpoint,"Vakıf Katılım resmi finansman hesaplama aracından 100.000 TL / 36 ay için canlı olarak doğrulandı. total_repayment, bankanın 'Geri Ödenecek Toplam Tutar' değeridir. Ekspertiz ve ipotek değerleri hesaplayıcının doğrudan döndürdüğü alanlardır. Tahsis ücreti ve eksiksiz toplam masraf değeri response'ta bulunmadığından allocation_fee ve total_fees NULL bırakıldı. Kanonik ürün verileri değiştirilmedi.",2026-08-20T03:51:07.444480+03:00,Vakıf Katılım,Taşıt Finansmanı,https://www.vakifkatilim.com.tr/tr/yardimci-sayfalar/hesaplama-araclari/finansman-hesaplama,arac_finansmani,Taşıt Finansmanı
287,benchmark_100000_36,live_calculator_snapshot,100000.0,36,standard,3.85,6047.33,217703.79,,,,,1000.00,25000.00,,verified_live_calculator_direct_mapping,official_live_calculator_endpoint,"Vakıf Katılım resmi finansman hesaplama aracından 100.000 TL / 36 ay için canlı olarak doğrulandı. total_repayment, bankanın 'Geri Ödenecek Toplam Tutar' değeridir. Ekspertiz ve ipotek değerleri hesaplayıcının doğrudan döndürdüğü alanlardır. Tahsis ücreti ve eksiksiz toplam masraf değeri response'ta bulunmadığından allocation_fee ve total_fees NULL bırakıldı. Kanonik ürün verileri değiştirilmedi.",2026-08-20T03:51:07.444480+03:00,Vakıf Katılım,Arsa Finansmanı,https://www.vakifkatilim.com.tr/tr/yardimci-sayfalar/hesaplama-araclari/finansman-hesaplama,arsa_finansmani,Arsa Finansmanı
296,benchmark_100000_36,live_calculator_snapshot,100000.0,36,2el_konut,3.16,4690.38,168853.82,,,,,1000.00,25000.00,,verified_live_calculator_direct_mapping,official_live_calculator_endpoint,"Vakıf Katılım resmi finansman hesaplama aracından 100.000 TL / 36 ay için canlı olarak doğrulandı. total_repayment, bankanın 'Geri Ödenecek Toplam Tutar' değeridir. Ekspertiz ve ipotek değerleri hesaplayıcının doğrudan döndürdüğü alanlardır. Tahsis ücreti ve eksiksiz toplam masraf değeri response'ta bulunmadığından allocation_fee ve total_fees NULL bırakıldı. Kanonik ürün verileri değiştirilmedi.",2026-08-20T03:51:07.444480+03:00,Vakıf Katılım,Konut Finansmanı,https://www.vakifkatilim.com.tr/tr/yardimci-sayfalar/hesaplama-araclari/finansman-hesaplama,konut_finansmani,Konut Finansmanı
296,benchmark_100000_36,live_calculator_snapshot,100000.0,36,sifir_konut,3.16,4690.38,168853.82,,,,,1000.00,25000.00,,verified_live_calculator_direct_mapping,official_live_calculator_endpoint,"Vakıf Katılım resmi finansman hesaplama aracından 100.000 TL / 36 ay için canlı olarak doğrulandı. total_repayment, bankanın 'Geri Ödenecek Toplam Tutar' değeridir. Ekspertiz ve ipotek değerleri hesaplayıcının doğrudan döndürdüğü alanlardır. Tahsis ücreti ve eksiksiz toplam masraf değeri response'ta bulunmadığından allocation_fee ve total_fees NULL bırakıldı. Kanonik ürün verileri değiştirilmedi.",2026-08-20T03:51:07.444480+03:00,Vakıf Katılım,Konut Finansmanı,https://www.vakifkatilim.com.tr/tr/yardimci-sayfalar/hesaplama-araclari/finansman-hesaplama,konut_finansmani,Konut Finansmanı
318,benchmark_100000_36,live_calculator_snapshot,100000.0,36,standard,3.65,5846.85,210486.67,,,,,0.00,0.00,,verified_live_calculator_direct_mapping,official_live_calculator_endpoint,"Vakıf Katılım resmi finansman hesaplama aracından 100.000 TL / 36 ay için canlı olarak doğrulandı. total_repayment, bankanın 'Geri Ödenecek Toplam Tutar' değeridir. Ekspertiz ve ipotek değerleri hesaplayıcının doğrudan döndürdüğü alanlardır. Tahsis ücreti ve eksiksiz toplam masraf değeri response'ta bulunmadığından allocation_fee ve total_fees NULL bırakıldı. Kanonik ürün verileri değiştirilmedi.",2026-08-20T03:51:07.444480+03:00,Vakıf Katılım,İhtiyaç Finansmanı,https://www.vakifkatilim.com.tr/tr/yardimci-sayfalar/hesaplama-araclari/finansman-hesaplama,ihtiyac_finansmani,İhtiyaç Finansmanı
319,benchmark_100000_36,live_calculator_snapshot,100000.0,36,standard,3.85,6047.33,217703.79,,,,,1000.00,25000.00,,verified_live_calculator_direct_mapping,official_live_calculator_endpoint,"Vakıf Katılım resmi finansman hesaplama aracından 100.000 TL / 36 ay için canlı olarak doğrulandı. total_repayment, bankanın 'Geri Ödenecek Toplam Tutar' değeridir. Ekspertiz ve ipotek değerleri hesaplayıcının doğrudan döndürdüğü alanlardır. Tahsis ücreti ve eksiksiz toplam masraf değeri response'ta bulunmadığından allocation_fee ve total_fees NULL bırakıldı. Kanonik ürün verileri değiştirilmedi.",2026-08-20T03:51:07.444480+03:00,Vakıf Katılım,İş Yeri Finansmanı,https://www.vakifkatilim.com.tr/tr/yardimci-sayfalar/hesaplama-araclari/finansman-hesaplama,isyeri_finansmani,İş Yeri Finansmanı
344,benchmark_100000_36,live_calculator_snapshot,100000.0,36,standard,4.89,7132.66,256775.76,,,,,,,,verified_live_calculator_direct_mapping,official_live_calculator_endpoint,"Ziraat Katilim resmi Finansal Hesaplama Araci kullanilarak 100.000 TL / 36 ay senaryosu canli olarak dogrulandi. profit_share_rate, hesaplayicinin K?r Orani; monthly_installment, Taksit Tutari; total_repayment ise bankanin Toplam Geri Odenen Tutar alanidir. Calculator bu response'ta normalize edilebilir tahsis, ekspertiz, ipotek veya toplam masraf alanlari sunmadigi icin fee alanlari NULL birakildi. Canonical urun verisi degistirilmedi.",2026-08-20T06:03:06.575040+03:00,Ziraat Katılım,Hac ve Umre Finansmanı,https://www.ziraatkatilim.com.tr/finansal-hesaplama-araci,ihtiyac_finansmani,İhtiyaç Finansmanı
347,benchmark_100000_36,live_calculator_snapshot,100000.0,36,standard,3.39,5590.56,201260.16,,,,,,,,verified_live_calculator_direct_mapping,official_live_calculator_endpoint,"Ziraat Katilim resmi Finansal Hesaplama Araci kullanilarak 100.000 TL / 36 ay senaryosu canli olarak dogrulandi. profit_share_rate, hesaplayicinin K?r Orani; monthly_installment, Taksit Tutari; total_repayment ise bankanin Toplam Geri Odenen Tutar alanidir. Calculator bu response'ta normalize edilebilir tahsis, ekspertiz, ipotek veya toplam masraf alanlari sunmadigi icin fee alanlari NULL birakildi. Canonical urun verisi degistirilmedi.",2026-08-20T06:03:06.575040+03:00,Ziraat Katılım,Taşıt Finansmanı,https://www.ziraatkatilim.com.tr/finansal-hesaplama-araci,arac_finansmani,Taşıt Finansmanı
373,benchmark_100000_36,live_calculator_snapshot,100000.0,36,standard,4.19,6394.49,230201.64,,,,,,,,verified_live_calculator_direct_mapping,official_live_calculator_endpoint,"Ziraat Katilim resmi Finansal Hesaplama Araci kullanilarak 100.000 TL / 36 ay senaryosu canli olarak dogrulandi. profit_share_rate, hesaplayicinin K?r Orani; monthly_installment, Taksit Tutari; total_repayment ise bankanin Toplam Geri Odenen Tutar alanidir. Calculator bu response'ta normalize edilebilir tahsis, ekspertiz, ipotek veya toplam masraf alanlari sunmadigi icin fee alanlari NULL birakildi. Canonical urun verisi degistirilmedi.",2026-08-20T06:03:06.575040+03:00,Ziraat Katılım,Kolay Fon Finansmanı,https://www.ziraatkatilim.com.tr/finansal-hesaplama-araci,ihtiyac_finansmani,İhtiyaç Finansmanı
375,benchmark_100000_36,live_calculator_snapshot,100000.0,36,standard,4.99,7240.52,260658.72,,,,,,,,verified_live_calculator_direct_mapping,official_live_calculator_endpoint,"Ziraat Katilim resmi Finansal Hesaplama Araci kullanilarak 100.000 TL / 36 ay senaryosu canli olarak dogrulandi. profit_share_rate, hesaplayicinin K?r Orani; monthly_installment, Taksit Tutari; total_repayment ise bankanin Toplam Geri Odenen Tutar alanidir. Calculator bu response'ta normalize edilebilir tahsis, ekspertiz, ipotek veya toplam masraf alanlari sunmadigi icin fee alanlari NULL birakildi. Canonical urun verisi degistirilmedi.",2026-08-20T06:03:06.575040+03:00,Ziraat Katılım,Bireysel Arsa Finansmanı,https://www.ziraatkatilim.com.tr/finansal-hesaplama-araci,arsa_finansmani,Arsa Finansmanı
377,benchmark_100000_36,live_calculator_snapshot,100000.0,36,standard,3.19,4711.15,169601.4,,,,,,,,verified_live_calculator_direct_mapping,official_live_calculator_endpoint,"Ziraat Katilim resmi Finansal Hesaplama Araci kullanilarak 100.000 TL / 36 ay senaryosu canli olarak dogrulandi. profit_share_rate, hesaplayicinin K?r Orani; monthly_installment, Taksit Tutari; total_repayment ise bankanin Toplam Geri Odenen Tutar alanidir. Calculator bu response'ta normalize edilebilir tahsis, ekspertiz, ipotek veya toplam masraf alanlari sunmadigi icin fee alanlari NULL birakildi. Canonical urun verisi degistirilmedi.",2026-08-20T06:03:06.575040+03:00,Ziraat Katılım,Konut Finansmanı,https://www.ziraatkatilim.com.tr/finansal-hesaplama-araci,konut_finansmani,Konut Finansmanı
386,benchmark_100000_36,live_calculator_snapshot,100000.0,36,standard,4.99,7240.52,260658.72,,,,,,,,verified_live_calculator_direct_mapping,official_live_calculator_endpoint,"Ziraat Katilim resmi Finansal Hesaplama Araci kullanilarak 100.000 TL / 36 ay senaryosu canli olarak dogrulandi. profit_share_rate, hesaplayicinin K?r Orani; monthly_installment, Taksit Tutari; total_repayment ise bankanin Toplam Geri Odenen Tutar alanidir. Calculator bu response'ta normalize edilebilir tahsis, ekspertiz, ipotek veya toplam masraf alanlari sunmadigi icin fee alanlari NULL birakildi. Canonical urun verisi degistirilmedi.",2026-08-20T06:03:06.575040+03:00,Ziraat Katılım,Bireysel İş Yeri Finansmanı,https://www.ziraatkatilim.com.tr/finansal-hesaplama-araci,isyeri_finansmani,İş Yeri Finansmanı
