id,campaign_id,audience_type,audience_label,details,extracted_at
5806,1,individual_customer,Bireysel Müşteriler,,2026-08-10T13:45:46+00:00
5807,2,card_holder,Kart Sahipleri,,2026-08-10T13:45:46+00:00
5810,4,individual_customer,Bireysel Müşteriler,,2026-08-10T13:45:46+00:00
5812,5,individual_customer,Bireysel Müşteriler,,2026-08-10T13:45:46+00:00
5890,6,card_holder,Kart Sahipleri,,2026-08-10T13:45:46+00:00
5923,8,individual_customer,Bireysel Müşteriler,,2026-08-10T13:45:46+00:00
5819,9,card_holder,Kart Sahipleri,,2026-08-10T13:45:46+00:00
5820,10,card_holder,Kart Sahipleri,,2026-08-10T13:45:46+00:00
5821,11,card_holder,Kart Sahipleri,,2026-08-10T13:45:46+00:00
5822,12,card_holder,Kart Sahipleri,,2026-08-10T13:45:46+00:00
5823,12,individual_customer,Bireysel Müşteriler,,2026-08-10T13:45:46+00:00
5824,12,business_customer,Ticari Müşteriler,,2026-08-10T13:45:46+00:00
5828,13,individual_customer,Bireysel Müşteriler,,2026-08-10T13:45:46+00:00
5831,14,new_customer,Yeni Müşteriler,,2026-08-10T13:45:46+00:00
5877,15,digital_customer,Dijital Müşteriler,,2026-08-10T13:45:46+00:00
5878,15,card_holder,Kart Sahipleri,,2026-08-10T13:45:46+00:00
5833,16,card_holder,Kart Sahipleri,,2026-08-10T13:45:46+00:00
5838,18,card_holder,Kart Sahipleri,,2026-08-10T13:45:46+00:00
5839,18,individual_customer,Bireysel Müşteriler,,2026-08-10T13:45:46+00:00
5834,19,salary_customer,Maaş Müşterileri,,2026-08-10T13:45:46+00:00
5835,20,card_holder,Kart Sahipleri,,2026-08-10T13:45:46+00:00
5836,21,card_holder,Kart Sahipleri,,2026-08-10T13:45:46+00:00
5849,22,card_holder,Kart Sahipleri,,2026-08-10T13:45:46+00:00
5850,22,individual_customer,Bireysel Müşteriler,,2026-08-10T13:45:46+00:00
5852,26,card_holder,Kart Sahipleri,,2026-08-10T13:45:46+00:00
5853,26,individual_customer,Bireysel Müşteriler,,2026-08-10T13:45:46+00:00
5861,28,individual_customer,Bireysel Müşteriler,,2026-08-10T13:45:46+00:00
5862,29,card_holder,Kart Sahipleri,,2026-08-10T13:45:46+00:00
5868,31,card_holder,Kart Sahipleri,,2026-08-10T13:45:46+00:00
5869,31,individual_customer,Bireysel Müşteriler,,2026-08-10T13:45:46+00:00
5874,32,card_holder,Kart Sahipleri,,2026-08-10T13:45:46+00:00
5879,37,card_holder,Kart Sahipleri,,2026-08-10T13:45:46+00:00
5880,37,individual_customer,Bireysel Müşteriler,,2026-08-10T13:45:46+00:00
5885,38,card_holder,Kart Sahipleri,,2026-08-10T13:45:46+00:00
5886,38,individual_customer,Bireysel Müşteriler,,2026-08-10T13:45:46+00:00
5892,39,card_holder,Kart Sahipleri,,2026-08-10T13:45:46+00:00
5891,40,card_holder,Kart Sahipleri,,2026-08-10T13:45:46+00:00
5910,43,card_holder,Kart Sahipleri,,2026-08-10T13:45:46+00:00
5911,43,individual_customer,Bireysel Müşteriler,,2026-08-10T13:45:46+00:00
5912,43,new_customer,Yeni Müşteriler,,2026-08-10T13:45:46+00:00
5913,44,individual_customer,Bireysel Müşteriler,,2026-08-10T13:45:46+00:00
5914,45,card_holder,Kart Sahipleri,,2026-08-10T13:45:46+00:00
5916,46,card_holder,Kart Sahipleri,,2026-08-10T13:45:46+00:00
5915,47,card_holder,Kart Sahipleri,,2026-08-10T13:45:46+00:00
5918,50,digital_customer,Dijital Müşteriler,,2026-08-10T13:45:46+00:00
5919,52,card_holder,Kart Sahipleri,,2026-08-10T13:45:46+00:00
5920,52,individual_customer,Bireysel Müşteriler,,2026-08-10T13:45:46+00:00
5921,52,new_customer,Yeni Müşteriler,,2026-08-10T13:45:46+00:00
5814,53,card_holder,Kart Sahipleri,,2026-08-10T13:45:46+00:00
5815,54,card_holder,Kart Sahipleri,,2026-08-10T13:45:46+00:00
5816,55,card_holder,Kart Sahipleri,,2026-08-10T13:45:46+00:00
5818,56,card_holder,Kart Sahipleri,,2026-08-10T13:45:46+00:00
5817,57,card_holder,Kart Sahipleri,,2026-08-10T13:45:46+00:00
5825,58,card_holder,Kart Sahipleri,,2026-08-10T13:45:46+00:00
5826,59,card_holder,Kart Sahipleri,,2026-08-10T13:45:46+00:00
5827,60,card_holder,Kart Sahipleri,,2026-08-10T13:45:46+00:00
5830,61,card_holder,Kart Sahipleri,,2026-08-10T13:45:46+00:00
5832,62,card_holder,Kart Sahipleri,,2026-08-10T13:45:46+00:00
5840,63,card_holder,Kart Sahipleri,,2026-08-10T13:45:46+00:00
5847,64,card_holder,Kart Sahipleri,,2026-08-10T13:45:46+00:00
5848,64,individual_customer,Bireysel Müşteriler,,2026-08-10T13:45:46+00:00
5841,65,card_holder,Kart Sahipleri,,2026-08-10T13:45:46+00:00
5842,65,individual_customer,Bireysel Müşteriler,,2026-08-10T13:45:46+00:00
5845,66,card_holder,Kart Sahipleri,,2026-08-10T13:45:46+00:00
5846,66,individual_customer,Bireysel Müşteriler,,2026-08-10T13:45:46+00:00
5851,67,card_holder,Kart Sahipleri,,2026-08-10T13:45:46+00:00
5924,68,card_holder,Kart Sahipleri,,2026-08-10T13:45:46+00:00
5925,69,card_holder,Kart Sahipleri,,2026-08-10T13:45:46+00:00
5857,70,card_holder,Kart Sahipleri,,2026-08-10T13:45:46+00:00
5860,71,card_holder,Kart Sahipleri,,2026-08-10T13:45:46+00:00
5863,72,card_holder,Kart Sahipleri,,2026-08-10T13:45:46+00:00
5864,73,card_holder,Kart Sahipleri,,2026-08-10T13:45:46+00:00
5922,74,card_holder,Kart Sahipleri,,2026-08-10T13:45:46+00:00
5865,75,card_holder,Kart Sahipleri,,2026-08-10T13:45:46+00:00
5866,76,card_holder,Kart Sahipleri,,2026-08-10T13:45:46+00:00
5867,77,card_holder,Kart Sahipleri,,2026-08-10T13:45:46+00:00
5876,78,card_holder,Kart Sahipleri,,2026-08-10T13:45:46+00:00
5889,79,card_holder,Kart Sahipleri,,2026-08-10T13:45:46+00:00
5894,80,card_holder,Kart Sahipleri,,2026-08-10T13:45:46+00:00
5895,80,individual_customer,Bireysel Müşteriler,,2026-08-10T13:45:46+00:00
5896,81,card_holder,Kart Sahipleri,,2026-08-10T13:45:46+00:00
5897,81,individual_customer,Bireysel Müşteriler,,2026-08-10T13:45:46+00:00
5898,82,card_holder,Kart Sahipleri,,2026-08-10T13:45:46+00:00
5899,82,individual_customer,Bireysel Müşteriler,,2026-08-10T13:45:46+00:00
5902,83,card_holder,Kart Sahipleri,,2026-08-10T13:45:46+00:00
5903,83,individual_customer,Bireysel Müşteriler,,2026-08-10T13:45:46+00:00
5904,84,card_holder,Kart Sahipleri,,2026-08-10T13:45:46+00:00
5905,84,individual_customer,Bireysel Müşteriler,,2026-08-10T13:45:46+00:00
5906,85,card_holder,Kart Sahipleri,,2026-08-10T13:45:46+00:00
5907,85,individual_customer,Bireysel Müşteriler,,2026-08-10T13:45:46+00:00
5917,86,card_holder,Kart Sahipleri,,2026-08-10T13:45:46+00:00
5967,87,card_holder,Kart Sahipleri,,2026-08-10T13:45:46+00:00
5968,87,business_customer,Ticari Müşteriler,,2026-08-10T13:45:46+00:00
6002,88,card_holder,Kart Sahipleri,,2026-08-10T13:45:46+00:00
6003,88,business_customer,Ticari Müşteriler,,2026-08-10T13:45:46+00:00
6004,89,card_holder,Kart Sahipleri,,2026-08-10T13:45:46+00:00
6005,89,business_customer,Ticari Müşteriler,,2026-08-10T13:45:46+00:00
6063,90,card_holder,Kart Sahipleri,,2026-08-10T13:45:46+00:00
6064,90,business_customer,Ticari Müşteriler,,2026-08-10T13:45:46+00:00
6091,91,card_holder,Kart Sahipleri,,2026-08-10T13:45:46+00:00
6092,91,business_customer,Ticari Müşteriler,,2026-08-10T13:45:46+00:00
6093,92,card_holder,Kart Sahipleri,,2026-08-10T13:45:46+00:00
6094,92,business_customer,Ticari Müşteriler,,2026-08-10T13:45:46+00:00
6088,93,card_holder,Kart Sahipleri,,2026-08-10T13:45:46+00:00
6089,93,business_customer,Ticari Müşteriler,,2026-08-10T13:45:46+00:00
6112,94,business_customer,Ticari Müşteriler,,2026-08-10T13:45:46+00:00
6113,94,card_holder,Kart Sahipleri,,2026-08-10T13:45:46+00:00
6118,95,card_holder,Kart Sahipleri,,2026-08-10T13:45:46+00:00
6119,95,business_customer,Ticari Müşteriler,,2026-08-10T13:45:46+00:00
6120,96,card_holder,Kart Sahipleri,,2026-08-10T13:45:46+00:00
6121,96,business_customer,Ticari Müşteriler,,2026-08-10T13:45:46+00:00
6122,97,card_holder,Kart Sahipleri,,2026-08-10T13:45:46+00:00
6123,97,business_customer,Ticari Müşteriler,,2026-08-10T13:45:46+00:00
6125,98,card_holder,Kart Sahipleri,,2026-08-10T13:45:46+00:00
6126,98,business_customer,Ticari Müşteriler,,2026-08-10T13:45:46+00:00
6134,99,card_holder,Kart Sahipleri,,2026-08-10T13:45:46+00:00
6135,99,business_customer,Ticari Müşteriler,,2026-08-10T13:45:46+00:00
6146,100,card_holder,Kart Sahipleri,,2026-08-10T13:45:46+00:00
6147,100,business_customer,Ticari Müşteriler,,2026-08-10T13:45:46+00:00
5974,101,business_customer,Ticari Müşteriler,,2026-08-10T13:45:46+00:00
6165,102,card_holder,Kart Sahipleri,,2026-08-10T13:45:46+00:00
6166,102,business_customer,Ticari Müşteriler,,2026-08-10T13:45:46+00:00
6070,103,card_holder,Kart Sahipleri,,2026-08-10T13:45:46+00:00
6071,103,business_customer,Ticari Müşteriler,,2026-08-10T13:45:46+00:00
6076,104,business_customer,Ticari Müşteriler,,2026-08-10T13:45:46+00:00
6079,105,business_customer,Ticari Müşteriler,,2026-08-10T13:45:46+00:00
6131,106,business_customer,Ticari Müşteriler,,2026-08-10T13:45:46+00:00
6012,107,business_customer,Ticari Müşteriler,,2026-08-10T13:45:46+00:00
6013,107,new_customer,Yeni Müşteriler,,2026-08-10T13:45:46+00:00
6014,108,digital_customer,Dijital Müşteriler,,2026-08-10T13:45:46+00:00
6015,108,business_customer,Ticari Müşteriler,,2026-08-10T13:45:46+00:00
6016,108,new_customer,Yeni Müşteriler,,2026-08-10T13:45:46+00:00
6067,109,business_customer,Ticari Müşteriler,,2026-08-10T13:45:46+00:00
6068,109,new_customer,Yeni Müşteriler,,2026-08-10T13:45:46+00:00
6061,110,business_customer,Ticari Müşteriler,,2026-08-10T13:45:46+00:00
6062,110,new_customer,Yeni Müşteriler,,2026-08-10T13:45:46+00:00
6108,111,business_customer,Ticari Müşteriler,,2026-08-10T13:45:46+00:00
6109,111,new_customer,Yeni Müşteriler,,2026-08-10T13:45:46+00:00
6095,112,digital_customer,Dijital Müşteriler,,2026-08-10T13:45:46+00:00
6096,112,card_holder,Kart Sahipleri,,2026-08-10T13:45:46+00:00
6097,112,business_customer,Ticari Müşteriler,,2026-08-10T13:45:46+00:00
6098,112,new_customer,Yeni Müşteriler,,2026-08-10T13:45:46+00:00
6099,113,digital_customer,Dijital Müşteriler,,2026-08-10T13:45:46+00:00
6100,113,business_customer,Ticari Müşteriler,,2026-08-10T13:45:46+00:00
6101,113,new_customer,Yeni Müşteriler,,2026-08-10T13:45:46+00:00
6106,114,business_customer,Ticari Müşteriler,,2026-08-10T13:45:46+00:00
6107,114,new_customer,Yeni Müşteriler,,2026-08-10T13:45:46+00:00
6072,115,digital_customer,Dijital Müşteriler,,2026-08-10T13:45:46+00:00
6073,115,card_holder,Kart Sahipleri,,2026-08-10T13:45:46+00:00
6074,115,individual_customer,Bireysel Müşteriler,,2026-08-10T13:45:46+00:00
6075,115,business_customer,Ticari Müşteriler,,2026-08-10T13:45:46+00:00
6077,116,digital_customer,Dijital Müşteriler,,2026-08-10T13:45:46+00:00
6078,116,business_customer,Ticari Müşteriler,,2026-08-10T13:45:46+00:00
6080,117,digital_customer,Dijital Müşteriler,,2026-08-10T13:45:46+00:00
6081,117,business_customer,Ticari Müşteriler,,2026-08-10T13:45:46+00:00
6082,117,new_customer,Yeni Müşteriler,,2026-08-10T13:45:46+00:00
6130,119,card_holder,Kart Sahipleri,,2026-08-10T13:45:46+00:00
5959,122,card_holder,Kart Sahipleri,,2026-08-10T13:45:46+00:00
5960,123,card_holder,Kart Sahipleri,,2026-08-10T13:45:46+00:00
5961,123,individual_customer,Bireysel Müşteriler,,2026-08-10T13:45:46+00:00
5962,124,card_holder,Kart Sahipleri,,2026-08-10T13:45:46+00:00
5963,124,individual_customer,Bireysel Müşteriler,,2026-08-10T13:45:46+00:00
5969,125,card_holder,Kart Sahipleri,,2026-08-10T13:45:46+00:00
5970,126,card_holder,Kart Sahipleri,,2026-08-10T13:45:46+00:00
5971,126,individual_customer,Bireysel Müşteriler,,2026-08-10T13:45:46+00:00
5972,127,card_holder,Kart Sahipleri,,2026-08-10T13:45:46+00:00
5973,127,individual_customer,Bireysel Müşteriler,,2026-08-10T13:45:46+00:00
5975,128,card_holder,Kart Sahipleri,,2026-08-10T13:45:46+00:00
5976,129,card_holder,Kart Sahipleri,,2026-08-10T13:45:46+00:00
5977,129,individual_customer,Bireysel Müşteriler,,2026-08-10T13:45:46+00:00
5978,130,card_holder,Kart Sahipleri,,2026-08-10T13:45:46+00:00
5979,130,individual_customer,Bireysel Müşteriler,,2026-08-10T13:45:46+00:00
5980,131,card_holder,Kart Sahipleri,,2026-08-10T13:45:46+00:00
5981,131,individual_customer,Bireysel Müşteriler,,2026-08-10T13:45:46+00:00
5982,132,card_holder,Kart Sahipleri,,2026-08-10T13:45:46+00:00
5983,132,individual_customer,Bireysel Müşteriler,,2026-08-10T13:45:46+00:00
5984,133,card_holder,Kart Sahipleri,,2026-08-10T13:45:46+00:00
5985,133,individual_customer,Bireysel Müşteriler,,2026-08-10T13:45:46+00:00
5986,134,card_holder,Kart Sahipleri,,2026-08-10T13:45:46+00:00
5987,134,individual_customer,Bireysel Müşteriler,,2026-08-10T13:45:46+00:00
5988,135,card_holder,Kart Sahipleri,,2026-08-10T13:45:46+00:00
5989,135,individual_customer,Bireysel Müşteriler,,2026-08-10T13:45:46+00:00
5990,136,card_holder,Kart Sahipleri,,2026-08-10T13:45:46+00:00
5991,136,individual_customer,Bireysel Müşteriler,,2026-08-10T13:45:46+00:00
5994,137,card_holder,Kart Sahipleri,,2026-08-10T13:45:46+00:00
5995,137,individual_customer,Bireysel Müşteriler,,2026-08-10T13:45:46+00:00
5996,138,card_holder,Kart Sahipleri,,2026-08-10T13:45:46+00:00
5997,138,individual_customer,Bireysel Müşteriler,,2026-08-10T13:45:46+00:00
5998,139,card_holder,Kart Sahipleri,,2026-08-10T13:45:46+00:00
5999,139,individual_customer,Bireysel Müşteriler,,2026-08-10T13:45:46+00:00
6000,140,card_holder,Kart Sahipleri,,2026-08-10T13:45:46+00:00
6001,140,individual_customer,Bireysel Müşteriler,,2026-08-10T13:45:46+00:00
6006,141,card_holder,Kart Sahipleri,,2026-08-10T13:45:46+00:00
6007,141,individual_customer,Bireysel Müşteriler,,2026-08-10T13:45:46+00:00
6020,142,card_holder,Kart Sahipleri,,2026-08-10T13:45:46+00:00
6021,143,card_holder,Kart Sahipleri,,2026-08-10T13:45:46+00:00
6010,144,card_holder,Kart Sahipleri,,2026-08-10T13:45:46+00:00
6008,145,card_holder,Kart Sahipleri,,2026-08-10T13:45:46+00:00
6009,145,individual_customer,Bireysel Müşteriler,,2026-08-10T13:45:46+00:00
6011,146,card_holder,Kart Sahipleri,,2026-08-10T13:45:46+00:00
6022,147,card_holder,Kart Sahipleri,,2026-08-10T13:45:46+00:00
6023,147,individual_customer,Bireysel Müşteriler,,2026-08-10T13:45:46+00:00
6026,148,card_holder,Kart Sahipleri,,2026-08-10T13:45:46+00:00
6027,149,card_holder,Kart Sahipleri,,2026-08-10T13:45:46+00:00
6028,149,individual_customer,Bireysel Müşteriler,,2026-08-10T13:45:46+00:00
6029,150,card_holder,Kart Sahipleri,,2026-08-10T13:45:46+00:00
6030,150,individual_customer,Bireysel Müşteriler,,2026-08-10T13:45:46+00:00
6031,151,card_holder,Kart Sahipleri,,2026-08-10T13:45:46+00:00
6032,151,individual_customer,Bireysel Müşteriler,,2026-08-10T13:45:46+00:00
6033,152,card_holder,Kart Sahipleri,,2026-08-10T13:45:46+00:00
6034,152,individual_customer,Bireysel Müşteriler,,2026-08-10T13:45:46+00:00
6037,153,existing_customer,Mevcut Müşteriler,,2026-08-10T13:45:46+00:00
6038,153,card_holder,Kart Sahipleri,,2026-08-10T13:45:46+00:00
6163,154,card_holder,Kart Sahipleri,,2026-08-10T13:45:46+00:00
6164,154,individual_customer,Bireysel Müşteriler,,2026-08-10T13:45:46+00:00
6167,155,card_holder,Kart Sahipleri,,2026-08-10T13:45:46+00:00
6168,155,individual_customer,Bireysel Müşteriler,,2026-08-10T13:45:46+00:00
6169,156,card_holder,Kart Sahipleri,,2026-08-10T13:45:46+00:00
6170,156,individual_customer,Bireysel Müşteriler,,2026-08-10T13:45:46+00:00
6039,157,card_holder,Kart Sahipleri,,2026-08-10T13:45:46+00:00
6040,157,individual_customer,Bireysel Müşteriler,,2026-08-10T13:45:46+00:00
6047,158,card_holder,Kart Sahipleri,,2026-08-10T13:45:46+00:00
6048,158,individual_customer,Bireysel Müşteriler,,2026-08-10T13:45:46+00:00
6041,159,card_holder,Kart Sahipleri,,2026-08-10T13:45:46+00:00
6042,159,individual_customer,Bireysel Müşteriler,,2026-08-10T13:45:46+00:00
6043,160,card_holder,Kart Sahipleri,,2026-08-10T13:45:46+00:00
6044,160,individual_customer,Bireysel Müşteriler,,2026-08-10T13:45:46+00:00
6045,161,card_holder,Kart Sahipleri,,2026-08-10T13:45:46+00:00
6046,161,individual_customer,Bireysel Müşteriler,,2026-08-10T13:45:46+00:00
6052,162,card_holder,Kart Sahipleri,,2026-08-10T13:45:46+00:00
6053,162,individual_customer,Bireysel Müşteriler,,2026-08-10T13:45:46+00:00
6054,163,card_holder,Kart Sahipleri,,2026-08-10T13:45:46+00:00
6055,163,individual_customer,Bireysel Müşteriler,,2026-08-10T13:45:46+00:00
6059,164,card_holder,Kart Sahipleri,,2026-08-10T13:45:46+00:00
6060,164,individual_customer,Bireysel Müşteriler,,2026-08-10T13:45:46+00:00
6069,165,card_holder,Kart Sahipleri,,2026-08-10T13:45:46+00:00
6083,166,card_holder,Kart Sahipleri,,2026-08-10T13:45:46+00:00
6084,166,individual_customer,Bireysel Müşteriler,,2026-08-10T13:45:46+00:00
6085,167,card_holder,Kart Sahipleri,,2026-08-10T13:45:46+00:00
6086,168,card_holder,Kart Sahipleri,,2026-08-10T13:45:46+00:00
6087,168,individual_customer,Bireysel Müşteriler,,2026-08-10T13:45:46+00:00
6090,169,card_holder,Kart Sahipleri,,2026-08-10T13:45:46+00:00
6110,170,card_holder,Kart Sahipleri,,2026-08-10T13:45:46+00:00
6111,170,individual_customer,Bireysel Müşteriler,,2026-08-10T13:45:46+00:00
6114,171,card_holder,Kart Sahipleri,,2026-08-10T13:45:46+00:00
6115,171,individual_customer,Bireysel Müşteriler,,2026-08-10T13:45:46+00:00
6116,172,card_holder,Kart Sahipleri,,2026-08-10T13:45:46+00:00
6117,172,individual_customer,Bireysel Müşteriler,,2026-08-10T13:45:46+00:00
6124,173,card_holder,Kart Sahipleri,,2026-08-10T13:45:46+00:00
6127,174,card_holder,Kart Sahipleri,,2026-08-10T13:45:46+00:00
6128,175,card_holder,Kart Sahipleri,,2026-08-10T13:45:46+00:00
6129,175,individual_customer,Bireysel Müşteriler,,2026-08-10T13:45:46+00:00
6132,176,card_holder,Kart Sahipleri,,2026-08-10T13:45:46+00:00
6133,176,individual_customer,Bireysel Müşteriler,,2026-08-10T13:45:46+00:00
6136,177,card_holder,Kart Sahipleri,,2026-08-10T13:45:46+00:00
6137,177,individual_customer,Bireysel Müşteriler,,2026-08-10T13:45:46+00:00
6138,178,card_holder,Kart Sahipleri,,2026-08-10T13:45:46+00:00
6139,178,individual_customer,Bireysel Müşteriler,,2026-08-10T13:45:46+00:00
6140,179,card_holder,Kart Sahipleri,,2026-08-10T13:45:46+00:00
6141,179,individual_customer,Bireysel Müşteriler,,2026-08-10T13:45:46+00:00
6142,180,card_holder,Kart Sahipleri,,2026-08-10T13:45:46+00:00
6143,180,individual_customer,Bireysel Müşteriler,,2026-08-10T13:45:46+00:00
6154,181,card_holder,Kart Sahipleri,,2026-08-10T13:45:46+00:00
6155,182,card_holder,Kart Sahipleri,,2026-08-10T13:45:46+00:00
6156,182,individual_customer,Bireysel Müşteriler,,2026-08-10T13:45:46+00:00
6157,183,card_holder,Kart Sahipleri,,2026-08-10T13:45:46+00:00
6158,184,card_holder,Kart Sahipleri,,2026-08-10T13:45:46+00:00
6159,184,individual_customer,Bireysel Müşteriler,,2026-08-10T13:45:46+00:00
5964,185,card_holder,Kart Sahipleri,,2026-08-10T13:45:46+00:00
5965,185,individual_customer,Bireysel Müşteriler,,2026-08-10T13:45:46+00:00
5966,185,new_customer,Yeni Müşteriler,,2026-08-10T13:45:46+00:00
5992,186,individual_customer,Bireysel Müşteriler,,2026-08-10T13:45:46+00:00
5993,186,new_customer,Yeni Müşteriler,,2026-08-10T13:45:46+00:00
6017,187,card_holder,Kart Sahipleri,,2026-08-10T13:45:46+00:00
6018,187,individual_customer,Bireysel Müşteriler,,2026-08-10T13:45:46+00:00
6019,187,new_customer,Yeni Müşteriler,,2026-08-10T13:45:46+00:00
6024,188,individual_customer,Bireysel Müşteriler,,2026-08-10T13:45:46+00:00
6025,188,new_customer,Yeni Müşteriler,,2026-08-10T13:45:46+00:00
6035,189,individual_customer,Bireysel Müşteriler,,2026-08-10T13:45:46+00:00
6036,189,new_customer,Yeni Müşteriler,,2026-08-10T13:45:46+00:00
6049,190,digital_customer,Dijital Müşteriler,,2026-08-10T13:45:46+00:00
6050,190,individual_customer,Bireysel Müşteriler,,2026-08-10T13:45:46+00:00
6051,190,new_customer,Yeni Müşteriler,,2026-08-10T13:45:46+00:00
6056,191,digital_customer,Dijital Müşteriler,,2026-08-10T13:45:46+00:00
6057,191,individual_customer,Bireysel Müşteriler,,2026-08-10T13:45:46+00:00
6058,191,new_customer,Yeni Müşteriler,,2026-08-10T13:45:46+00:00
6102,192,digital_customer,Dijital Müşteriler,,2026-08-10T13:45:46+00:00
6103,192,card_holder,Kart Sahipleri,,2026-08-10T13:45:46+00:00
6104,192,individual_customer,Bireysel Müşteriler,,2026-08-10T13:45:46+00:00
6105,192,new_customer,Yeni Müşteriler,,2026-08-10T13:45:46+00:00
6144,193,individual_customer,Bireysel Müşteriler,,2026-08-10T13:45:46+00:00
6145,193,new_customer,Yeni Müşteriler,,2026-08-10T13:45:46+00:00
6148,194,digital_customer,Dijital Müşteriler,,2026-08-10T13:45:46+00:00
6149,194,card_holder,Kart Sahipleri,,2026-08-10T13:45:46+00:00
6150,194,individual_customer,Bireysel Müşteriler,,2026-08-10T13:45:46+00:00
6151,194,new_customer,Yeni Müşteriler,,2026-08-10T13:45:46+00:00
6152,195,individual_customer,Bireysel Müşteriler,,2026-08-10T13:45:46+00:00
6153,195,new_customer,Yeni Müşteriler,,2026-08-10T13:45:46+00:00
6160,196,card_holder,Kart Sahipleri,,2026-08-10T13:45:46+00:00
6161,196,individual_customer,Bireysel Müşteriler,,2026-08-10T13:45:46+00:00
6162,196,new_customer,Yeni Müşteriler,,2026-08-10T13:45:46+00:00
6065,197,card_holder,Kart Sahipleri,,2026-08-10T13:45:46+00:00
6066,197,individual_customer,Bireysel Müşteriler,,2026-08-10T13:45:46+00:00
6237,198,card_holder,Kart Sahipleri,,2026-08-10T13:45:46+00:00
6249,199,card_holder,Happy Kart Kullanıcıları,,2026-08-10T13:45:46+00:00
6261,200,card_holder,Happy Kart Kullanıcıları,,2026-08-10T13:45:46+00:00
6234,201,card_holder,Happy Kart Kullanıcıları,,2026-08-10T13:45:46+00:00
6250,202,card_holder,Kart Sahipleri,,2026-08-10T13:45:46+00:00
6251,203,card_holder,Kart Sahipleri,,2026-08-10T13:45:46+00:00
6255,204,card_holder,Happy Kart Kullanıcıları,,2026-08-10T13:45:46+00:00
6253,205,card_holder,Happy Kart Kullanıcıları,,2026-08-10T13:45:46+00:00
6238,206,card_holder,Kart Sahipleri,,2026-08-10T13:45:46+00:00
6266,207,card_holder,Happy Kart Kullanıcıları,,2026-08-10T13:45:46+00:00
6230,208,bank_employee,Banka Çalışanları,,2026-08-10T13:45:46+00:00
6229,209,card_holder,Kart Sahipleri,,2026-08-10T13:45:46+00:00
6231,210,card_holder,Kart Sahipleri,,2026-08-10T13:45:46+00:00
6232,210,retired_customer,Emekliler,,2026-08-10T13:45:46+00:00
6233,211,card_holder,Kart Sahipleri,,2026-08-10T13:45:46+00:00
6235,212,new_customer,Yeni Müşteriler,,2026-08-10T13:45:46+00:00
6236,212,individual_customer,Bireysel Müşteriler,,2026-08-10T13:45:46+00:00
6245,213,new_customer,Yeni Müşteriler,,2026-08-10T13:45:46+00:00
6239,214,public_employee,Kamu Çalışanları,,2026-08-10T13:45:46+00:00
6240,215,individual_customer,Bireysel Müşteriler,,2026-08-10T13:45:46+00:00
6241,216,individual_customer,Bireysel Müşteriler,,2026-08-10T13:45:46+00:00
6242,216,card_holder,Kart Sahipleri,,2026-08-10T13:45:46+00:00
6243,217,card_holder,Kart Sahipleri,,2026-08-10T13:45:46+00:00
6244,217,business_customer,Ticari Müşteriler,,2026-08-10T13:45:46+00:00
6259,218,individual_customer,Bireysel Müşteriler,,2026-08-10T13:45:46+00:00
6260,218,new_customer,Yeni Müşteriler,,2026-08-10T13:45:46+00:00
6246,219,card_holder,Kart Sahipleri,,2026-08-10T13:45:46+00:00
6247,219,new_customer,Yeni Müşteriler,,2026-08-10T13:45:46+00:00
6248,219,business_customer,Ticari Müşteriler,,2026-08-10T13:45:46+00:00
6262,220,card_holder,Kart Sahipleri,,2026-08-10T13:45:46+00:00
6263,220,new_customer,Yeni Müşteriler,,2026-08-10T13:45:46+00:00
6264,220,individual_customer,Mevcut Bireysel Müşteriler,,2026-08-10T13:45:46+00:00
6265,221,investment_account_customer,Yeni Yatırım Hesabı Açan Müşteriler,,2026-08-10T13:45:46+00:00
6227,222,card_holder,Kart Sahipleri,,2026-08-10T13:45:46+00:00
6268,223,card_holder,Kart Sahipleri,,2026-08-10T13:45:46+00:00
6283,224,premium_customer,Âlâ Bankacılık Müşterileri,,2026-08-10T13:45:46+00:00
6273,225,card_holder,Kart Sahipleri,,2026-08-10T13:45:46+00:00
6285,226,card_holder,Kart Sahipleri,,2026-08-10T13:45:46+00:00
6270,227,card_holder,Kart Sahipleri,,2026-08-10T13:45:46+00:00
6271,228,card_holder,Kart Sahipleri,,2026-08-10T13:45:46+00:00
6272,229,card_holder,Kart Sahipleri,,2026-08-10T13:45:46+00:00
6284,230,card_holder,Âlâ Kart Sahipleri,,2026-08-10T13:45:46+00:00
6274,231,card_holder,Kart Sahipleri,,2026-08-10T13:45:46+00:00
6281,232,card_holder,Kart Sahipleri,,2026-08-10T13:45:46+00:00
6282,233,card_holder,Kart Sahipleri,,2026-08-10T13:45:46+00:00
6279,234,card_holder,Kart Sahipleri,,2026-08-10T13:45:46+00:00
6275,235,card_holder,Kart Sahipleri,,2026-08-10T13:45:46+00:00
6254,236,profession_group,Sağlık Meslek Mensupları,,2026-08-10T13:45:46+00:00
6256,237,card_holder,Kart Sahipleri,,2026-08-10T13:45:46+00:00
6257,237,new_customer,Yeni Müşteriler,,2026-08-10T13:45:46+00:00
6258,237,association_member,TÜSHAD Üyeleri,,2026-08-10T13:45:46+00:00
6280,238,card_holder,Kart Sahipleri,,2026-08-10T13:45:46+00:00
6267,239,card_holder,Bireysel Âlâ Kart Sahipleri,,2026-08-10T13:45:46+00:00
6228,240,card_holder,Âlâ Kart Sahipleri,,2026-08-10T13:45:46+00:00
6269,241,card_holder,Kart Sahipleri,,2026-08-10T13:45:46+00:00
6252,242,profession_group,Pilotlar,,2026-08-10T13:45:46+00:00
6277,243,card_holder,Kart Sahipleri,,2026-08-10T13:45:46+00:00
6276,244,card_holder,Kart Sahipleri,,2026-08-10T13:45:46+00:00
6226,245,card_holder,Kart Sahipleri,,2026-08-10T13:45:46+00:00
6278,246,card_holder,Kart Sahipleri,,2026-08-10T13:45:46+00:00
6286,247,card_holder,Kart Sahipleri,,2026-08-10T13:45:46+00:00
6287,248,individual_customer,Bireysel Müşteriler,,2026-08-10T13:45:46+00:00
6288,248,card_holder,Kart Sahipleri,,2026-08-10T13:45:46+00:00
6289,250,card_holder,Kart Sahipleri,,2026-08-10T13:45:46+00:00
6290,251,individual_customer,Bireysel Müşteriler,,2026-08-10T13:45:46+00:00
6291,251,card_holder,Kart Sahipleri,,2026-08-10T13:45:46+00:00
6292,252,individual_customer,Bireysel Müşteriler,,2026-08-10T13:45:46+00:00
6293,252,card_holder,Kart Sahipleri,,2026-08-10T13:45:46+00:00
6294,253,card_holder,Kart Sahipleri,,2026-08-10T13:45:46+00:00
6295,253,individual_customer,Bireysel Müşteriler,,2026-08-10T13:45:46+00:00
6296,255,individual_customer,Bireysel Müşteriler,,2026-08-10T13:45:46+00:00
6297,255,card_holder,Kart Sahipleri,,2026-08-10T13:45:46+00:00
6298,256,individual_customer,Bireysel Müşteriler,,2026-08-10T13:45:46+00:00
6299,256,card_holder,Kart Sahipleri,,2026-08-10T13:45:46+00:00
6300,257,individual_customer,Bireysel Müşteriler,,2026-08-10T13:45:46+00:00
6301,257,card_holder,Kart Sahipleri,,2026-08-10T13:45:46+00:00
6302,258,card_holder,Kart Sahipleri,,2026-08-10T13:45:46+00:00
6395,259,individual_customer,Bireysel Müşteriler,,2026-08-10T13:45:46+00:00
6396,259,card_holder,Kart Sahipleri,,2026-08-10T13:45:46+00:00
6303,260,individual_customer,Bireysel Müşteriler,,2026-08-10T13:45:46+00:00
6304,260,card_holder,Kart Sahipleri,,2026-08-10T13:45:46+00:00
6305,261,individual_customer,Bireysel Müşteriler,,2026-08-10T13:45:46+00:00
6306,261,card_holder,Kart Sahipleri,,2026-08-10T13:45:46+00:00
6307,262,individual_customer,Bireysel Müşteriler,,2026-08-10T13:45:46+00:00
6308,262,card_holder,Kart Sahipleri,,2026-08-10T13:45:46+00:00
6309,263,individual_customer,Bireysel Müşteriler,,2026-08-10T13:45:46+00:00
6310,263,card_holder,Kart Sahipleri,,2026-08-10T13:45:46+00:00
6311,264,individual_customer,Bireysel Müşteriler,,2026-08-10T13:45:46+00:00
6312,264,card_holder,Kart Sahipleri,,2026-08-10T13:45:46+00:00
6314,265,individual_customer,Bireysel Müşteriler,,2026-08-10T13:45:46+00:00
6315,265,card_holder,Kart Sahipleri,,2026-08-10T13:45:46+00:00
6313,266,card_holder,Kart Sahipleri,,2026-08-10T13:45:46+00:00
6316,267,individual_customer,Bireysel Müşteriler,,2026-08-10T13:45:46+00:00
6317,267,card_holder,Kart Sahipleri,,2026-08-10T13:45:46+00:00
6318,268,card_holder,Kart Sahipleri,,2026-08-10T13:45:46+00:00
6319,269,individual_customer,Bireysel Müşteriler,,2026-08-10T13:45:46+00:00
6320,269,card_holder,Kart Sahipleri,,2026-08-10T13:45:46+00:00
6321,270,individual_customer,Bireysel Müşteriler,,2026-08-10T13:45:46+00:00
6322,270,card_holder,Kart Sahipleri,,2026-08-10T13:45:46+00:00
6323,271,individual_customer,Bireysel Müşteriler,,2026-08-10T13:45:46+00:00
6324,271,card_holder,Kart Sahipleri,,2026-08-10T13:45:46+00:00
6325,272,individual_customer,Bireysel Müşteriler,,2026-08-10T13:45:46+00:00
6326,272,card_holder,Kart Sahipleri,,2026-08-10T13:45:46+00:00
6327,273,card_holder,Kart Sahipleri,,2026-08-10T13:45:46+00:00
6328,274,card_holder,Kart Sahipleri,,2026-08-10T13:45:46+00:00
6329,275,card_holder,Kart Sahipleri,,2026-08-10T13:45:46+00:00
6397,276,individual_customer,Bireysel Müşteriler,,2026-08-10T13:45:46+00:00
6398,276,card_holder,Kart Sahipleri,,2026-08-10T13:45:46+00:00
6330,277,individual_customer,Bireysel Müşteriler,,2026-08-10T13:45:46+00:00
6399,278,card_holder,Kart Sahipleri,,2026-08-10T13:45:46+00:00
6400,278,new_customer,Yeni Müşteriler,,2026-08-10T13:45:46+00:00
6401,279,card_holder,Kart Sahipleri,,2026-08-10T13:45:46+00:00
6402,280,individual_customer,Bireysel Müşteriler,,2026-08-10T13:45:46+00:00
6403,280,card_holder,Kart Sahipleri,,2026-08-10T13:45:46+00:00
6331,281,card_holder,Kart Sahipleri,,2026-08-10T13:45:46+00:00
6332,282,card_holder,Kart Sahipleri,,2026-08-10T13:45:46+00:00
6333,282,individual_customer,Bireysel Müşteriler,,2026-08-10T13:45:46+00:00
6334,283,individual_customer,Bireysel Müşteriler,,2026-08-10T13:45:46+00:00
6335,283,card_holder,Kart Sahipleri,,2026-08-10T13:45:46+00:00
6336,284,individual_customer,Bireysel Müşteriler,,2026-08-10T13:45:46+00:00
6337,284,card_holder,Kart Sahipleri,,2026-08-10T13:45:46+00:00
6339,285,individual_customer,Bireysel Müşteriler,,2026-08-10T13:45:46+00:00
6340,285,card_holder,Kart Sahipleri,,2026-08-10T13:45:46+00:00
6338,286,card_holder,Kart Sahipleri,,2026-08-10T13:45:46+00:00
6342,287,individual_customer,Bireysel Müşteriler,,2026-08-10T13:45:46+00:00
6343,287,card_holder,Kart Sahipleri,,2026-08-10T13:45:46+00:00
6344,288,card_holder,Kart Sahipleri,,2026-08-10T13:45:46+00:00
6345,289,individual_customer,Bireysel Müşteriler,,2026-08-10T13:45:46+00:00
6346,289,card_holder,Kart Sahipleri,,2026-08-10T13:45:46+00:00
6347,290,individual_customer,Bireysel Müşteriler,,2026-08-10T13:45:46+00:00
6348,290,card_holder,Kart Sahipleri,,2026-08-10T13:45:46+00:00
6349,291,individual_customer,Bireysel Müşteriler,,2026-08-10T13:45:46+00:00
6350,291,card_holder,Kart Sahipleri,,2026-08-10T13:45:46+00:00
6351,292,individual_customer,Bireysel Müşteriler,,2026-08-10T13:45:46+00:00
6352,292,card_holder,Kart Sahipleri,,2026-08-10T13:45:46+00:00
6353,293,individual_customer,Bireysel Müşteriler,,2026-08-10T13:45:46+00:00
6354,293,card_holder,Kart Sahipleri,,2026-08-10T13:45:46+00:00
6341,294,card_holder,Kart Sahipleri,,2026-08-10T13:45:46+00:00
6355,295,card_holder,Kart Sahipleri,,2026-08-10T13:45:46+00:00
6356,295,individual_customer,Bireysel Müşteriler,,2026-08-10T13:45:46+00:00
6357,296,individual_customer,Bireysel Müşteriler,,2026-08-10T13:45:46+00:00
6358,296,card_holder,Kart Sahipleri,,2026-08-10T13:45:46+00:00
6359,297,card_holder,Kart Sahipleri,,2026-08-10T13:45:46+00:00
6360,298,individual_customer,Bireysel Müşteriler,,2026-08-10T13:45:46+00:00
6361,298,card_holder,Kart Sahipleri,,2026-08-10T13:45:46+00:00
6364,299,individual_customer,Bireysel Müşteriler,,2026-08-10T13:45:46+00:00
6365,299,card_holder,Kart Sahipleri,,2026-08-10T13:45:46+00:00
6362,300,individual_customer,Bireysel Müşteriler,,2026-08-10T13:45:46+00:00
6363,300,card_holder,Kart Sahipleri,,2026-08-10T13:45:46+00:00
6366,301,individual_customer,Bireysel Müşteriler,,2026-08-10T13:45:46+00:00
6367,301,card_holder,Kart Sahipleri,,2026-08-10T13:45:46+00:00
6368,302,card_holder,Kart Sahipleri,,2026-08-10T13:45:46+00:00
6369,303,individual_customer,Bireysel Müşteriler,,2026-08-10T13:45:46+00:00
6370,303,card_holder,Kart Sahipleri,,2026-08-10T13:45:46+00:00
6373,304,individual_customer,Bireysel Müşteriler,,2026-08-10T13:45:46+00:00
6374,304,card_holder,Kart Sahipleri,,2026-08-10T13:45:46+00:00
6371,305,individual_customer,Bireysel Müşteriler,,2026-08-10T13:45:46+00:00
6372,305,card_holder,Kart Sahipleri,,2026-08-10T13:45:46+00:00
6376,306,individual_customer,Bireysel Müşteriler,,2026-08-10T13:45:46+00:00
6377,306,card_holder,Kart Sahipleri,,2026-08-10T13:45:46+00:00
6378,307,business_customer,Ticari Müşteriler,,2026-08-10T13:45:46+00:00
6379,308,card_holder,Kart Sahipleri,,2026-08-10T13:45:46+00:00
6380,308,individual_customer,Bireysel Müşteriler,,2026-08-10T13:45:46+00:00
6375,309,card_holder,Kart Sahipleri,,2026-08-10T13:45:46+00:00
6381,310,individual_customer,Bireysel Müşteriler,,2026-08-10T13:45:46+00:00
6382,310,card_holder,Kart Sahipleri,,2026-08-10T13:45:46+00:00
6383,311,individual_customer,Bireysel Müşteriler,,2026-08-10T13:45:46+00:00
6384,311,card_holder,Kart Sahipleri,,2026-08-10T13:45:46+00:00
6385,312,individual_customer,Bireysel Müşteriler,,2026-08-10T13:45:46+00:00
6386,312,card_holder,Kart Sahipleri,,2026-08-10T13:45:46+00:00
6387,313,individual_customer,Bireysel Müşteriler,,2026-08-10T13:45:46+00:00
6388,313,card_holder,Kart Sahipleri,,2026-08-10T13:45:46+00:00
6389,314,individual_customer,Bireysel Müşteriler,,2026-08-10T13:45:46+00:00
6390,314,card_holder,Kart Sahipleri,,2026-08-10T13:45:46+00:00
6391,315,individual_customer,Bireysel Müşteriler,,2026-08-10T13:45:46+00:00
6392,315,card_holder,Kart Sahipleri,,2026-08-10T13:45:46+00:00
6393,316,card_holder,Kart Sahipleri,,2026-08-10T13:45:46+00:00
6394,317,card_holder,Kart Sahipleri,,2026-08-10T13:45:46+00:00
5926,321,card_holder,Kart Sahipleri,,2026-08-10T13:45:46+00:00
5933,322,existing_customer,Mevcut Müşteriler,,2026-08-10T13:45:46+00:00
5934,322,individual_customer,Bireysel Müşteriler,,2026-08-10T13:45:46+00:00
5935,322,new_customer,Yeni Müşteriler,,2026-08-10T13:45:46+00:00
5929,324,individual_customer,Bireysel Müşteriler,,2026-08-10T13:45:46+00:00
5930,324,card_holder,Kart Sahipleri,,2026-08-10T13:45:46+00:00
5931,325,individual_customer,Bireysel Müşteriler,,2026-08-10T13:45:46+00:00
5932,325,card_holder,Kart Sahipleri,,2026-08-10T13:45:46+00:00
5936,329,card_holder,Kart Sahipleri,,2026-08-10T13:45:46+00:00
5937,329,individual_customer,Bireysel Müşteriler,,2026-08-10T13:45:46+00:00
5939,330,card_holder,Kart Sahipleri,,2026-08-10T13:45:46+00:00
5940,330,individual_customer,Bireysel Müşteriler,,2026-08-10T13:45:46+00:00
5947,332,card_holder,Kart Sahipleri,,2026-08-10T13:45:46+00:00
5948,332,individual_customer,Bireysel Müşteriler,,2026-08-10T13:45:46+00:00
5941,336,card_holder,Kart Sahipleri,,2026-08-10T13:45:46+00:00
5942,336,individual_customer,Bireysel Müşteriler,,2026-08-10T13:45:46+00:00
5944,349,individual_customer,Bireysel Müşteriler,,2026-08-10T13:45:46+00:00
5943,350,card_holder,Kart Sahipleri,,2026-08-10T13:45:46+00:00
5945,355,card_holder,Kart Sahipleri,,2026-08-10T13:45:46+00:00
5946,355,individual_customer,Bireysel Müşteriler,,2026-08-10T13:45:46+00:00
5952,358,individual_customer,Bireysel Müşteriler,,2026-08-10T13:45:46+00:00
5949,359,individual_customer,Bireysel Müşteriler,,2026-08-10T13:45:46+00:00
5950,359,new_customer,Yeni Müşteriler,,2026-08-10T13:45:46+00:00
5951,360,individual_customer,Bireysel Müşteriler,,2026-08-10T13:45:46+00:00
5955,362,individual_customer,Bireysel Müşteriler,,2026-08-10T13:45:46+00:00
5953,363,individual_customer,Bireysel Müşteriler,,2026-08-10T13:45:46+00:00
5954,363,new_customer,Yeni Müşteriler,,2026-08-10T13:45:46+00:00
5956,364,individual_customer,Bireysel Müşteriler,,2026-08-10T13:45:46+00:00
5958,366,individual_customer,Bireysel Müşteriler,,2026-08-10T13:45:46+00:00
5957,367,individual_customer,Bireysel Müşteriler,,2026-08-10T13:45:46+00:00
5854,392,card_holder,Kart Sahipleri,,2026-08-10T13:45:46+00:00
5855,392,individual_customer,Bireysel Müşteriler,,2026-08-10T13:45:46+00:00
5856,392,new_customer,Yeni Müşteriler,,2026-08-10T13:45:46+00:00
5808,393,card_holder,Kart Sahipleri,,2026-08-10T13:45:46+00:00
5811,394,individual_customer,Bireysel Müşteriler,,2026-08-10T13:45:46+00:00
5813,395,individual_customer,Bireysel Müşteriler,,2026-08-10T13:45:46+00:00
5809,396,card_holder,Kart Sahipleri,,2026-08-10T13:45:46+00:00
5829,397,individual_customer,Bireysel Müşteriler,,2026-08-10T13:45:46+00:00
5837,398,card_holder,Kart Sahipleri,,2026-08-10T13:45:46+00:00
5858,400,card_holder,Kart Sahipleri,,2026-08-10T13:45:46+00:00
5859,400,individual_customer,Bireysel Müşteriler,,2026-08-10T13:45:46+00:00
5870,401,card_holder,Kart Sahipleri,,2026-08-10T13:45:46+00:00
5871,401,individual_customer,Bireysel Müşteriler,,2026-08-10T13:45:46+00:00
5872,402,card_holder,Kart Sahipleri,,2026-08-10T13:45:46+00:00
5873,402,individual_customer,Bireysel Müşteriler,,2026-08-10T13:45:46+00:00
5875,403,card_holder,Kart Sahipleri,,2026-08-10T13:45:46+00:00
5881,404,card_holder,Kart Sahipleri,,2026-08-10T13:45:46+00:00
5882,404,individual_customer,Bireysel Müşteriler,,2026-08-10T13:45:46+00:00
5883,405,card_holder,Kart Sahipleri,,2026-08-10T13:45:46+00:00
5884,405,individual_customer,Bireysel Müşteriler,,2026-08-10T13:45:46+00:00
5887,406,card_holder,Kart Sahipleri,,2026-08-10T13:45:46+00:00
5888,406,individual_customer,Bireysel Müşteriler,,2026-08-10T13:45:46+00:00
5893,407,card_holder,Kart Sahipleri,,2026-08-10T13:45:46+00:00
5843,408,card_holder,Kart Sahipleri,,2026-08-10T13:45:46+00:00
5844,408,individual_customer,Bireysel Müşteriler,,2026-08-10T13:45:46+00:00
5900,409,card_holder,Kart Sahipleri,,2026-08-10T13:45:46+00:00
5901,409,individual_customer,Bireysel Müşteriler,,2026-08-10T13:45:46+00:00
5908,410,card_holder,Kart Sahipleri,,2026-08-10T13:45:46+00:00
5909,410,individual_customer,Bireysel Müşteriler,,2026-08-10T13:45:46+00:00
5927,411,card_holder,Kart Sahipleri,,2026-08-10T13:45:46+00:00
5928,411,individual_customer,Bireysel Müşteriler,,2026-08-10T13:45:46+00:00
5938,412,individual_customer,Bireysel Müşteriler,,2026-08-10T13:45:46+00:00
6171,416,card_holder,Kart Sahipleri,,2026-08-10T13:45:46+00:00
6172,419,card_holder,Kart Sahipleri,,2026-08-10T13:45:46+00:00
6173,421,card_holder,Kart Sahipleri,,2026-08-10T13:45:46+00:00
6174,422,card_holder,Kart Sahipleri,,2026-08-10T13:45:46+00:00
6196,423,card_holder,Kart Sahipleri,,2026-08-10T13:45:46+00:00
6175,429,card_holder,Kart Sahipleri,,2026-08-10T13:45:46+00:00
6177,431,card_holder,Kart Sahipleri,,2026-08-10T13:45:46+00:00
6178,432,card_holder,Kart Sahipleri,,2026-08-10T13:45:46+00:00
6181,434,card_holder,Kart Sahipleri,,2026-08-10T13:45:46+00:00
6179,435,card_holder,Kart Sahipleri,,2026-08-10T13:45:46+00:00
6183,436,card_holder,Kart Sahipleri,,2026-08-10T13:45:46+00:00
6182,437,card_holder,Kart Sahipleri,,2026-08-10T13:45:46+00:00
6184,443,card_holder,Kart Sahipleri,,2026-08-10T13:45:46+00:00
6185,444,card_holder,Kart Sahipleri,,2026-08-10T13:45:46+00:00
6186,445,card_holder,Kart Sahipleri,,2026-08-10T13:45:46+00:00
6190,446,card_holder,Kart Sahipleri,,2026-08-10T13:45:46+00:00
6188,459,card_holder,Kart Sahipleri,,2026-08-10T13:45:46+00:00
6189,461,card_holder,Kart Sahipleri,,2026-08-10T13:45:46+00:00
6191,462,card_holder,Kart Sahipleri,,2026-08-10T13:45:46+00:00
6187,463,card_holder,Kart Sahipleri,,2026-08-10T13:45:46+00:00
6198,467,card_holder,Kart Sahipleri,,2026-08-10T13:45:46+00:00
6192,468,card_holder,Kart Sahipleri,,2026-08-10T13:45:46+00:00
6193,470,card_holder,Kart Sahipleri,,2026-08-10T13:45:46+00:00
6194,476,card_holder,Kart Sahipleri,,2026-08-10T13:45:46+00:00
6195,481,card_holder,Kart Sahipleri,,2026-08-10T13:45:46+00:00
6176,485,card_holder,Kart Sahipleri,,2026-08-10T13:45:46+00:00
6197,486,card_holder,Kart Sahipleri,,2026-08-10T13:45:46+00:00
6180,490,card_holder,Kart Sahipleri,,2026-08-10T13:45:46+00:00
6199,494,card_holder,Kart Sahipleri,,2026-08-10T13:45:46+00:00
6200,497,individual_customer,Bireysel Müşteriler,,2026-08-10T13:45:46+00:00
6201,497,new_customer,Yeni Müşteriler,,2026-08-10T13:45:46+00:00
6202,498,card_holder,Kart Sahipleri,,2026-08-10T13:45:46+00:00
6203,500,card_holder,Kart Sahipleri,,2026-08-10T13:45:46+00:00
6204,501,card_holder,Kart Sahipleri,,2026-08-10T13:45:46+00:00
6205,506,card_holder,Kart Sahipleri,,2026-08-10T13:45:46+00:00
6206,511,card_holder,Kart Sahipleri,,2026-08-10T13:45:46+00:00
6207,511,individual_customer,Bireysel Müşteriler,,2026-08-10T13:45:46+00:00
6208,514,card_holder,Kart Sahipleri,,2026-08-10T13:45:46+00:00
6209,518,card_holder,Kart Sahipleri,,2026-08-10T13:45:46+00:00
6210,521,card_holder,Kart Sahipleri,,2026-08-10T13:45:46+00:00
6211,521,individual_customer,Bireysel Müşteriler,,2026-08-10T13:45:46+00:00
6219,523,card_holder,Kart Sahipleri,,2026-08-10T13:45:46+00:00
6220,523,individual_customer,Bireysel Müşteriler,,2026-08-10T13:45:46+00:00
6212,525,card_holder,Kart Sahipleri,,2026-08-10T13:45:46+00:00
6213,525,individual_customer,Bireysel Müşteriler,,2026-08-10T13:45:46+00:00
6214,528,card_holder,Kart Sahipleri,,2026-08-10T13:45:46+00:00
6215,528,individual_customer,Bireysel Müşteriler,,2026-08-10T13:45:46+00:00
6216,539,individual_customer,Bireysel Müşteriler,,2026-08-10T13:45:46+00:00
6217,542,card_holder,Kart Sahipleri,,2026-08-10T13:45:46+00:00
6218,542,individual_customer,Bireysel Müşteriler,,2026-08-10T13:45:46+00:00
6221,549,individual_customer,Bireysel Müşteriler,,2026-08-10T13:45:46+00:00
6222,549,card_holder,Bireysel Âlâ Kart Sahipleri,,2026-08-10T13:45:46+00:00
6223,551,card_holder,Kart Sahipleri,,2026-08-10T13:45:46+00:00
6224,553,card_holder,Kart Sahipleri,,2026-08-10T13:45:46+00:00
6225,553,individual_customer,Bireysel Müşteriler,,2026-08-10T13:45:46+00:00
