campaign_id,minimum_transaction_amount,maximum_transaction_amount,installment_count,installment_cost_rate,installment_cost_text,evidence_text,extracted_at
1,,,8,,,8 Taksit Fırsatıyla KASKO Zamanı!,2026-08-10T13:45:46+00:00
13,,,3,,,Üstelik peşin fiyatına 3 taksit avantajı ile.,2026-08-10T13:45:46+00:00
15,,,12,0.0,Vade farksız (%0),Pratik Finansman Kart Finansman Kampanyası Koşulları Albaraka Mobil Mobil Bankacılık Aç Dijital Müşterilere Özel Pratik Finansman Kart Kampanya Başlangıç ve Bitiş 01.01.2026 - 31.12.2026 Müşteri Ol Müşteri Ol Vade farksız 40.000 TL ve uygun oranlı hoş geldin finansmanı Albaraka'da!,2026-08-10T13:45:46+00:00
18,,,6,0.0,Vade farksız (%0),"Eğitim Harcamalarınıza Vade Farksız 6 Taksit Kampanyası Albaraka Mobil Mobil Bankacılık Aç Eğitim Harcamalarınıza Vade Farksız 6 Taksit Kampanyası Kampanya Başlangıç ve Bitiş 01.07.2026 - 30.09.2026 Müşteri Ol Müşteri Ol Albaraka Mobil'de Kampanyalar sayfasından kampanyaya katılım sağlayarak, World kartlarınız ile kampanyaya katıldıktan sonra yapacağınız 30.000 TL- 500.000 TL arası okul ödemelerinize vade farksız 6 taksit fırsatını kaçırmayın!",2026-08-10T13:45:46+00:00
19,10000.0,14999.0,,,,,2026-08-10T13:45:46+00:00
26,,,4,0.0,Vade farksız (%0),Kampanyaya Katılım Adımları: Albaraka Mobil Mobil Bankacılık Aç Kırtasiye Kampanyası Kampanya Başlangıç ve Bitiş 01.06.2026 - 30.09.2026 Albaraka Mobil Albaraka Mobil 1.000 TL- 20.000 TL arası kırtasiye harcamalarınızda vade farksız 4 taksit fırsatını kaçırmayın!,2026-08-10T13:45:46+00:00
28,,,3,0.0,Vade farksız (%0),Limitsiz İMM Sigortasında Vade Farksız 3 Taksit!,2026-08-10T13:45:46+00:00
29,,,3,0.0,Vade farksız (%0),MTV Ödemelerinize Vade Farksız 3 Taksit!,2026-08-10T13:45:46+00:00
39,,,6,0.0,Vade farksız (%0),Sağlık Harcamalarına Vade Farksız 6 Taksit Kampanyası Albaraka Mobil Mobil Bankacılık Aç Sağlık Harcamalarına Vade Farksız 6 Taksit Kampanyası Kampanya Başlangıç ve Bitiş 01.07.2026 - 31.07.2026 Müşteri Ol Müşteri Ol TROY kredi kartlarınız ile yapacağınız 1.000 TL- 100.000 TL arası sağlık harcamalarınıza vade farksız 6 taksit fırsatı!,2026-08-10T13:45:46+00:00
40,,,4,0.0,Vade farksız (%0),"Satırdan Sanata, Ek %10 İndirim ve Vade Farksız 4 Taksit Albaraka’da!",2026-08-10T13:45:46+00:00
49,,,4,0.0,Vade farksız (%0),Vade Farksız Finansman: 50.000 TL’ye kadar vade farksız finansman imkânı.,2026-08-10T13:45:46+00:00
50,,,6,0.0,Vade farksız (%0),Vade Farksız 140.000 TL’ye Varan Destek!,2026-08-10T13:45:46+00:00
53,,,6,,,Amazon.com.tr Harcamalarınızda World’e Özel 6 Taksit Fırsatı!,2026-08-10T13:45:46+00:00
54,,,9,,,"Arçelik, Altus ve Beko Harcamalarınızda World’e Özel 9 Taksit Fırsatı!",2026-08-10T13:45:46+00:00
55,,,3,,,BAUHAUS Harcamalarınızda World’e Özel 3 Taksit Fırsatı!,2026-08-10T13:45:46+00:00
56,,,6,,,Beymen Club Harcamalarınızda World’e Özel 6 Taksit Fırsatı!,2026-08-10T13:45:46+00:00
57,,,9,,,BOSCH Harcamalarınızda World’e Özel 6 Taksit Fırsatı!,2026-08-10T13:45:46+00:00
58,,,6,,,Civil Harcamalarınızda World’e Özel 6 Taksit Fırsatı!,2026-08-10T13:45:46+00:00
59,,,6,,,Continental Harcamalarınızda World’e Özel 6 Taksit Fırsatı!,2026-08-10T13:45:46+00:00
60,,,7,,,D&R Harcamalarınızda World’e Özel 7 Taksit Fırsatı!,2026-08-10T13:45:46+00:00
61,,,5,,,Deichmann Harcamalarınızda World’e Özel 5 Taksit Fırsatı!,2026-08-10T13:45:46+00:00
62,,,9,0.0,Vade farksız (%0),Dyson Harcamalarınızda World'e Özel 9 Taksit Fırsatı!,2026-08-10T13:45:46+00:00
63,,,6,,,Fiat Yetkili Servislerde World’e Özel 6 Taksit Fırsatı!,2026-08-10T13:45:46+00:00
67,1000.0,6000.0,6,,,Hepsiburada Harcamalarınızda World’e Özel 6 Taksit Fırsatı!,2026-08-10T13:45:46+00:00
68,,,6,,,İdefix Harcamalarınızda World’e Özel 6 Taksit Fırsatı!,2026-08-10T13:45:46+00:00
69,,,9,,,"İstikbal, Bellona ve Mondihome'da World’e Özel 9 Taksit Fırsatı!",2026-08-10T13:45:46+00:00
70,,,6,,,Kiğılı ve Abdullah Kiğılı Harcamalarınızda World’e Özel 6 Taksit Fırsatı!,2026-08-10T13:45:46+00:00
71,,,6,,,LC Waikiki Harcamalarınızda World’e Özel 6 Taksit Fırsatı!,2026-08-10T13:45:46+00:00
72,,,6,,,MediaMarkt Harcamalarınızda World’e Özel 6 Taksit Fırsatı!,2026-08-10T13:45:46+00:00
73,,,9,,,Modalife Harcamalarınızda World’e Özel 9 Taksit Fırsatı!,2026-08-10T13:45:46+00:00
74,,,6,,,n11.com Harcamalarınızda World’e Özel 6 Taksit Fırsatı!,2026-08-10T13:45:46+00:00
75,,,6,,,Network Harcamalarınızda World’e Özel 6 Taksit Fırsatı!,2026-08-10T13:45:46+00:00
76,,,6,,,Opel Yetkili Servislerde World’e Özel 6 Taksit Fırsatı!,2026-08-10T13:45:46+00:00
77,,,7,,,Opmar Optik Harcamalarınızda World'e Özel 6 Taksit Fırsatı!,2026-08-10T13:45:46+00:00
78,,,4,,,Pegasus Uçuşlarınızda World'e Özel 4 Taksit Fırsatı!,2026-08-10T13:45:46+00:00
79,,,7,,,Saat&Saat Harcamalarınızda World’e Özel 7 Taksit Fırsatı!,2026-08-10T13:45:46+00:00
80,45000.0,69999.0,12,,,"Peşin, 3 taksitli veya 6 taksitli alışverişlerden kampanyaya uygun olarak ilk yapılan alışveriş üzerinden Worldpuan kazanacaktır.",2026-08-10T13:45:46+00:00
81,45000.0,69999.0,12,,,"Peşin, 3 taksitli veya 6 taksitli alışverişlerden kampanyaya uygun olarak ilk yapılan alışveriş üzerinden Worldpuan kazanacaktır.",2026-08-10T13:45:46+00:00
82,45000.0,69999.0,12,,,"Peşin, 3 taksitli veya 6 taksitli alışverişlerden kampanyaya uygun olarak ilk yapılan alışveriş üzerinden Worldpuan kazanacaktır.",2026-08-10T13:45:46+00:00
83,45000.0,69999.0,9,,,"1-31 Mayıs 2026 tarihleri arasında Tatilbudur.com, TatilBudur mobil uygulaması ,TatilBudur çağrı merkezi ve acenteler üzerinden tek seferde yapılacak peşin, 3 taksitli veya 6 taksitli alışverişlerde seçili yurt içi ve Kuzey Kıbrıs otel, yurt dışı tur rezervasyonlarında geçerli; 45.000 TL-69.999 TL arası harcamaya 2.500 TL, 70.000 TL - 119.999 TL arası harcamaya 5.000 TL, 120.000 TL ve üzeri harcamaya 7.500 TL Worldpuan!",2026-08-10T13:45:46+00:00
84,45000.0,69999.0,9,,,"1-30 Haziran 2026 tarihleri arasında Tatilbudur.com, TatilBudur mobil uygulaması ,TatilBudur çağrı merkezi ve acenteler üzerinden tek seferde yapılacak peşin, 3 taksitli veya 6 taksitli alışverişlerde seçili yurt içi ve Kuzey Kıbrıs otel, yurt dışı tur rezervasyonlarında geçerli; 45.000 TL-69.999 TL arası harcamaya 2.500 TL, 70.000 TL - 119.999 TL arası harcamaya 5.000 TL, 120.000 TL ve üzeri harcamaya 7.500 TL Worldpuan!",2026-08-10T13:45:46+00:00
85,45000.0,69999.0,9,,,"1-31 Temmuz 2026 tarihleri arasında tatilbudur.com, TatilBudur mobil uygulaması ve TatilBudur çağrı merkezinden tek seferde yapılacak peşin, 3 taksitli veya 6 taksitli alışverişlerde yurt içi ve Kuzey Kıbrıs otel rezervasyonlarında geçerli; 45.000 TL-69.999 TL arası harcamaya 2.500 TL, 70.000 TL - 119.999 TL arası harcamaya 5.000 TL, 120.000 TL ve üzeri harcamaya 7.500 TL Worldpuan kazanılmaktadır.",2026-08-10T13:45:46+00:00
86,,,6,,,Trendyol Harcamalarınızda World’e Özel 3 Taksit Fırsatı!,2026-08-10T13:45:46+00:00
89,,,3,0.0,Vade farksız (%0),E-Ticaret Pazaryeri Satıcılarına Özel Vade Farksız 3 Taksit!,2026-08-10T13:45:46+00:00
93,,,3,0.0,Vade farksız (%0),MTV Ödemelerinizde Vade Farksız 3 Taksit Fırsatı!,2026-08-10T13:45:46+00:00
97,,,9,,,"Sağlam Business Kart’tan Dev Kampanya 3 Ay Erteleme ve %3,49 Oranla 9 Taksit İmkanı!",2026-08-10T13:45:46+00:00
109,,,9,,,"Avantajlar Kuveyt Türk Ticari Kartlarına Özel Avantajlar Kuveyt Türk Ticari Kredi Kartlarıyla yapılacak taksitli işlemlerde aylık %3,49 oranla 9 taksite kadar vadelendirme imkanı!",2026-08-10T13:45:46+00:00
115,,,12,0.0,Vade farksız (%0),Kuveyt Türk'ten Eğitime Özel Taksitli POS Kampanyası Kampanya Tarihleri 1.07.2026 - 30.09.2026 Kampanyayı Paylaş Kuveyt Türk'ten eğitime destek!,2026-08-10T13:45:46+00:00
118,,,3,0.0,Vade farksız (%0),Diyanet Umre Finansmanı ile Vade Farksız 3 Taksit İmkanı!,2026-08-10T13:45:46+00:00
120,,,6,,,"Kampanya Tarihleri 20.01.2026 - 31.12.2026 Kampanyayı Paylaş Taksitlio’nun anlaşmalı olduğu mağazalarda yapacağınız 100.000 TL’ye kadar alışverişlerinizde 6 taksite kadar %2,99 avantajlı kar payı oranı ile alışveriş yapmanın tadını çıkarın!",2026-08-10T13:45:46+00:00
123,,,,0.0,Vade farksız (%0),Adore Mobilya'da 4.000 TL İndirim ve Vade Farksız 9 Aya Varan Taksit Fırsatı!,2026-08-10T13:45:46+00:00
124,,,,0.0,Vade farksız (%0),Adore Mobilya’da Vade Farksız 9 Aya Varan Taksit Fırsatı!,2026-08-10T13:45:46+00:00
127,,,2,0.0,Vade farksız (%0),Altınyıldız’da Vade Farksız 2 Taksit Fırsatı Kampanya Tarihleri 28.07.2026 - 31.12.2026 Kampanyayı Paylaş Kuveyt Türk bireysel kredi kartları ile 31 Aralık 2026 tarihine kadar Altınyıldız resmi web sitesinde yapacağınız alışverişlerinizde vade farksız 2 taksit imkanı sizi bekliyor.,2026-08-10T13:45:46+00:00
128,,,,0.0,Vade farksız (%0),Avansas’da Vade Farksız 5 Aya Varan Taksit Fırsatı!,2026-08-10T13:45:46+00:00
129,,,4,,,Barçın Spor’da 4 Taksit Fırsatı!,2026-08-10T13:45:46+00:00
130,,,,0.0,Vade farksız (%0),"Kampanya Tarihleri 1.07.2026 - 31.07.2076 Kampanyayı Paylaş Kuveyt Türk bireysel kredi kartları, 31 Temmuz 2026 tarihine kadar Bella Maison resmi web sitesi üzerinden yapacağınız taksitli alışverişlerde %25 indirim ve vade farksız 3 aya varan taksit imkanı sunuyor.",2026-08-10T13:45:46+00:00
131,,,,0.0,Vade farksız (%0),Beymen’de Vade Farksız 4 Aya Varan Taksit Fırsatı Kampanya Tarihleri 19.06.2026 - 31.12.2026 Kampanyayı Paylaş Kuveyt Türk bireysel kredi kartları ile 31 Aralık 2026’ya kadar Beymen resmi web sitesinde yapacağınız alışverişlerinizde 4 aya varan taksit imkanı sizi bekliyor.,2026-08-10T13:45:46+00:00
132,,,,0.0,Vade farksız (%0),Brandy’s Mağazalarında Vade Farksız 3 Aya Varan Taksit Fırsatı Kampanya Tarihleri 14.01.2026 - 31.12.2026 Kampanyayı Paylaş Kuveyt Türk bireysel kredi kartları ile 31 Aralık 2026 tarihine kadar Brandy’s mağazalarında yapacağınız alışverişlerinizde vade farksız 3 aya varan taksit imkanı sizi bekliyor.,2026-08-10T13:45:46+00:00
133,,,,0.0,Vade farksız (%0),"Kampanya Tarihleri 1.07.2026 - 31.07.2026 Kampanyayı Paylaş Kuveyt Türk Bireysel Kredi Kartları, 31 Temmuz 2026 tarihine kadar Civil resmi web sitesi üzerinden yapacağınız taksitli alışverişlerde %25 indirim ve vade farksız 4 aya varan taksit imkanı sunuyor.",2026-08-10T13:45:46+00:00
134,,,,0.0,Vade farksız (%0),Civil’de Vade Farksız 4 Aya Varan Taksit Fırsatı Kampanya Tarihleri 22.06.2026 - 31.12.2026 Kampanyayı Paylaş Kuveyt Türk bireysel kredi kartları ile 31 Aralık 2026 tarihine kadar Civil resmi web sitesinde yapacağınız alışverişlerinizde vade farksız 4 aya varan taksit imkanı sizi bekliyor.,2026-08-10T13:45:46+00:00
135,,,,0.0,Vade farksız (%0),Columbia’da Vade Farksız 6 Aya Varan Taksit Fırsatı Kampanya Tarihleri 20.08.2025 - 31.12.2026 Kampanyayı Paylaş Kuveyt Türk bireysel kredi kartları ile 31 Aralık 2026 tarihine kadar Columbia ve The Moose Bay’den yapacağınız alışverişlerinizde vade farksız 6 aya varan taksit imkanı sizi bekliyor.,2026-08-10T13:45:46+00:00
136,,,,0.0,Vade farksız (%0),Daikin'de 2.000 TL İndirim ve Vade Farksız 8 Aya Varan Taksit Fırsatı!,2026-08-10T13:45:46+00:00
137,,,9,,,Demirdöküm’de 9 Taksit Fırsatı!,2026-08-10T13:45:46+00:00
138,,,2,0.0,Vade farksız (%0),"Desa Grup’ta Vade Farksız 2 Taksit Fırsatı Kampanya Tarihleri 16.09.2025 - 31.12.2026 Kampanyayı Paylaş Kuveyt Türk bireysel kredi kartları ile 31 Aralık 2026 tarihine kadar Desa Grubun (Samsonite, Desa , Adesa) mağazalarında yapacağınız alışverişlerinizde vade farksız 2 taksit imkanı sizi bekliyor.",2026-08-10T13:45:46+00:00
139,,,,0.0,Vade farksız (%0),Divarese’de Vade Farksız 4 Aya Varan Taksit Fırsatı!,2026-08-10T13:45:46+00:00
141,,,,0.0,Vade farksız (%0),EasyCep‘te Vade Farksız 9 Aya Varan Taksit Fırsatı!,2026-08-10T13:45:46+00:00
142,,,5,0.0,Vade farksız (%0),Eğitim Harcamalariniza 5 Taksit Imkani Kampanya Tarihleri 12.02.2024 - 31.12.2026 Kampanyayı Paylaş Sağlam Kart Eğitim Kampanyası Artık Kuveyt Türk Mobil ’de!,2026-08-10T13:45:46+00:00
143,,,5,0.0,Vade farksız (%0),Eğitim ve Sağlık Harcamalarınızda 5 Taksit Fırsatı!,2026-08-10T13:45:46+00:00
144,,,9,0.0,Vade farksız (%0),"Kampanya kapsamında; Yıldızlı otellerde %10 indirim, Helal hassasiyetli yurt dışı turlarında %8 indirim, Tüm umre turlarında %6 indirim, yurt içi Otel rezervasyonlarında vade farksız 9 taksit avantajları sizleri bekliyor.",2026-08-10T13:45:46+00:00
146,,,,0.0,Vade farksız (%0),Enplus ile 3 Aya Varan Vade Farksız Taksit İmkanı!,2026-08-10T13:45:46+00:00
147,,,,0.0,Vade farksız (%0),Fakir’de Vade Farksız 3 Aya Varan Taksit Fırsatı Kampanya Tarihleri 18.09.2025 - 31.12.2026 Kampanyayı Paylaş Kuveyt Türk bireysel kredi kartları ile 31 Aralık 2026 tarihine kadar Fakir’den yapacağınız alışverişlerinizde vade farksız 3 aya varan taksit imkanı sizi bekliyor.,2026-08-10T13:45:46+00:00
148,1000.0,300000.0,3,0.0,Vade farksız (%0),Gelir Vergisi Ödemelerinizde 3 Taksit Fırsatı!,2026-08-10T13:45:46+00:00
149,,,,0.0,Vade farksız (%0),Gree Klima’da Vade Farksız 11 Aya Varan Taksit Fırsatı!,2026-08-10T13:45:46+00:00
150,,,,0.0,Vade farksız (%0),Gündoğdu Mobilya’da Vade Farksız 9 Aya Varan Taksit Fırsatı!,2026-08-10T13:45:46+00:00
151,,,9,0.0,Vade farksız (%0),Gürgençler'de 9 Aya Varan Taksit İmkanı!,2026-08-10T13:45:46+00:00
152,,,,0.0,Vade farksız (%0),Hantech’de Vade Farksız 9 Aya Varan Taksit Fırsatı!,2026-08-10T13:45:46+00:00
155,,,,0.0,Vade farksız (%0),İmza’da Vade Farksız 6 Aya Varan Taksit Fırsatı Kampanya Tarihleri 22.10.2025 - 31.12.2026 Kampanyayı Paylaş Kuveyt Türk bireysel kredi kartları ile 31 Aralık 2026 tarihine kadar İmza mağazalarında yapacağınız alışverişlerinizde vade farksız 6 aya varan taksit imkanı sizi bekliyor.,2026-08-10T13:45:46+00:00
156,,,,0.0,Vade farksız (%0),İşbir Yatak ile 6’ya Varan Taksit İmkanı!,2026-08-10T13:45:46+00:00
157,,,,0.0,Vade farksız (%0),Kiğılı’da Vade Farksız 4 Aya Varan Taksit Fırsatı!,2026-08-10T13:45:46+00:00
158,,,,0.0,Vade farksız (%0),Koçtaş’ta Vade Farksız 6 Aya Varan Taksit Fırsatı!,2026-08-10T13:45:46+00:00
159,,,,0.0,Vade farksız (%0),Konfor’da Vade Farksız 9 Aya Varan Taksit Fırsatı!,2026-08-10T13:45:46+00:00
160,,,,0.0,Vade farksız (%0),Konyalı Saat ile 7 Aya Varan Taksit İmkanı!,2026-08-10T13:45:46+00:00
161,,,,0.0,Vade farksız (%0),Korayspor ile Vade Farksız 4'e Varan Taksit İmkanı!,2026-08-10T13:45:46+00:00
164,,,9,0.0,Vade farksız (%0),"Kuveyt Türk Müşterilerine Özel %2,99 Oranlı Kar Paylı Taksitlendirme Fırsatı!",2026-08-10T13:45:46+00:00
166,,,,0.0,Vade farksız (%0),Lajivert ve Ritmik Mobilya’da Vade Farksız 9 Aya Varan Taksit Fırsatı Kampanya Tarihleri 6.03.2026 - 31.12.2026 Kampanyayı Paylaş Kuveyt Türk bireysel kredi kartları ile 31 Aralık 2026’ya kadar Lajivert Mobilya ve Ritmik Mobilya mağazaları ve resmi web sitesinde yapacağınız alışverişlerinizde 9 aya varan taksit imkanı sizi bekliyor.,2026-08-10T13:45:46+00:00
167,,,,0.0,Vade farksız (%0),Lastikcim.com'da Vade Farksız 6 Aya Varan Taksit Fırsatı!,2026-08-10T13:45:46+00:00
169,,,3,0.0,Vade farksız (%0),MTV Ödemelerinizde Vade Farksız 3 Taksit!,2026-08-10T13:45:46+00:00
170,,,,0.0,Vade farksız (%0),Penelope ve Othello’da Vade Farksız 4 Aya Varan Taksit Fırsatı!,2026-08-10T13:45:46+00:00
171,,,,0.0,Vade farksız (%0),Ramsey’de Vade Farksız 4 Aya Varan Taksit Fırsatı!,2026-08-10T13:45:46+00:00
172,,,,0.0,Vade farksız (%0),Saat&Saat Alışverişlerinizde 5'e Varan Taksit İmkanı!,2026-08-10T13:45:46+00:00
173,,,3,0.0,Vade farksız (%0),"Kampanya Tarihleri 30.07.2025 - 31.12.2026 Kampanyayı Paylaş 31 Aralık 2026 tarihine kadar yapacağınız tatil harcamalarınızda 9 aya varan taksit avantajından yararlanabilir, Halalbooking’e kaydolurken 1.000 TL değerinde indirim kazanabilirsiniz.",2026-08-10T13:45:46+00:00
174,,,5,0.0,Vade farksız (%0),Sağlık Harcamalariniza 5 Taksit Imkani Kampanya Tarihleri 14.02.2024 - 31.12.2026 Kampanyayı Paylaş Sağlam Kart Sağlık Kampanyası Artık Kuveyt Türk Mobil ’de!,2026-08-10T13:45:46+00:00
175,,,,0.0,Vade farksız (%0),Starwood Yapı Market’te Vade Farksız 3 Aya Varan Taksit Fırsatı!,2026-08-10T13:45:46+00:00
176,,,,0.0,Vade farksız (%0),Tergan’da Vade Farksız 3 Aya Varan Taksit Fırsatı!,2026-08-10T13:45:46+00:00
177,,,12,,,Vaillant’ta 12 Taksit Fırsatı!,2026-08-10T13:45:46+00:00
178,,,3,0.0,Vade farksız (%0),Vatan Bilgisayar’da Vade Farksız 3 Taksit Fırsatı!,2026-08-10T13:45:46+00:00
180,,,,0.0,Vade farksız (%0),Wome Deluxe Hotel’de 9 Aya Varan Taksit Fırsatı!,2026-08-10T13:45:46+00:00
181,,,5,0.0,Vade farksız (%0),Yeni Sağlam Kart Troy'lulara Özel Vade Farksız 5 Aya Varan Taksit İmkanı!,2026-08-10T13:45:46+00:00
182,,,,0.0,Vade farksız (%0),Yenilio'ya Özel Vade Farksız 12'ye Varan Taksit İmkanı!,2026-08-10T13:45:46+00:00
184,,,,0.0,Vade farksız (%0),Yuki Motor’da Vade Farksız 12 Aya Varan Taksit Fırsatı Kampanya Tarihleri 27.04.2026 - 31.12.2026 Kampanyayı Paylaş Kuveyt Türk bireysel kredi kartları ile 31 Aralık 2026 tarihine kadar Yuki Motor’da yapacağınız alışverişlerinizde vade farksız 12 aya varan taksit imkanı sizi bekliyor.,2026-08-10T13:45:46+00:00
187,,,10,0.0,Vade farksız (%0),"Müjde Evlilik Paketimize sahip olduğunuzda: 10.000 TL ve 50.000 TL arasında yaptığınız 3 harcamanızı vade farksız 10 taksite bölerek yüksek tutarlı ödemelerinizi kolaylaştırabilir, Kiğılı, Ramsey, Divarese, İmza, Tergan, Desa Grup, Brandy’s, Saat&Saat, Konyalı Saat ve Trendyol gibi markalarda çeyiz ve giyim alışveriş yapabilir, Koçtaş, Dyson, Fakir, Enplus, Lazzoni, Doğtaş, Weltew, Gürgençler, Vatan Bilgisayar gibi markalarla yeni evinizi avantajlı şekilde kurabilir, Qatar Airways, Halalbooking,",2026-08-10T13:45:46+00:00
189,,,9,0.0,Vade farksız (%0),Hepsiburada’da Yeni Müşteriye Özel Vade Farksız 50.000 TL Fırsatı!,2026-08-10T13:45:46+00:00
199,250000.0,500000.0,2,,,"Happy Bonus Kredi Kartı yapacağınız 1.000 TL – 250.000 TL tutar aralığındaki okul ödemeni z kâr paysız 3 ay, 250.000 TL ile 500.000 TL arasındaki ödemeler kâr paysız 2 aya kadar taksitlendirilebilecektir.",2026-08-10T13:45:46+00:00
200,250000.0,500000.0,2,,,Vergi ödemelerinizi tutarlarına göre 3 aya kadar taksitlendirebilirsin iz.,2026-08-10T13:45:46+00:00
201,1000.0,10000.0,,,,Faturanıza 3 Aya Kadar Kâr Paysız Taksit!,2026-08-10T13:45:46+00:00
205,1000.0,250000.0,,,,"Y alnızca 1.000 TL – 250.000 TL arasındaki 3 ay, 250.000 TL- 500.000 TL kadar kâr paysız 2 ay taksitlendirilebilecektir.",2026-08-10T13:45:46+00:00
208,1000.0,1000000.0,,,,Kampanya kapsamında müşterilerimize finansman geri ödemelerinde ilk taksit için 3 aya varan ödemesiz dönem hakkı tanınacaktır.,2026-08-10T13:45:46+00:00
210,10000.0,14999.0,,,,,2026-08-10T13:45:46+00:00
214,50000.0,400000.0,,,,Kampanya kapsamında müşterilerimize finansman geri ödemelerinde ilk taksit için 3 aya varan ödemesiz dönem hakkı tanınacaktır.,2026-08-10T13:45:46+00:00
222,1000.0,10000.0,3,,,Aksa Doğalgaz ve 4 farklı otomatik fatura talimatıyla 500 TL Bonus ve 3 taksit fırsatı!,2026-08-10T13:45:46+00:00
223,500000.0,1500000.0,,,,,2026-08-10T13:45:46+00:00
225,1000.0,250000.0,,,,Âlâ Kart ile Okul Ödemelerinize 3 Aya Kadar Kâr Paysız Taksit!,2026-08-10T13:45:46+00:00
226,1500000.0,5000000.0,,,,,2026-08-10T13:45:46+00:00
227,1000.0,10000.0,,,,Âlâ Kart ile Fatura Ödemenize 3 aya Kadar Kâr Paysız Taksit!,2026-08-10T13:45:46+00:00
229,500000.0,1500000.0,,,,,2026-08-10T13:45:46+00:00
231,500000.0,1500000.0,,,,,2026-08-10T13:45:46+00:00
234,500000.0,1500000.0,,,,,2026-08-10T13:45:46+00:00
235,250000.0,500000.0,,,,Âlâ Kart ile Sağlık Harcamanıza 3 Aya Kadar Kâr Paysız Taksit!,2026-08-10T13:45:46+00:00
237,,,4,,,Trafik Sigortası’nda 4 Taksit Avantajı : Trafik Sigortası ödemenizi Türkiye Finans kredi kartı ile yapmanız halinde 4 taksit imkânından yararlanabilirsiniz.,2026-08-10T13:45:46+00:00
238,250000.0,500000.0,2,,,Âlâ Kart vergi ödemelerinize 3 Aya Kadar Kâr Paysız Taksit!,2026-08-10T13:45:46+00:00
241,1500000.0,5000000.0,,,,,2026-08-10T13:45:46+00:00
242,,,4,,,"Âlâ Private’ın kişiselleştirilmiş hizmet ve çözümleri; lounge, fast track ve mil puan ile uçak bileti alımı FX İşlemlerinde Avantajlı Makas Aralıkları Yurt İçi Hisse Senedi Alım Satım İşlemlerinde Düşük Komisyon ile İşlem Yapabilme Ayrıcalığı 11.000 TL’ye varan Bonus Kazancı Bol Hoş Geldin Paketi Ücretsiz EFT–Havale–FAST ve 150.000’den fazla ATM’den ücretsiz para çekme kolaylığı Yüksek limitli, Dosya Masrafsız İhtiyaç Finansmanı Dosya Masrafsız 3 ay Ötelemeli İhtiyaç Finansmanı Günlük Hesap “Hoş",2026-08-10T13:45:46+00:00
243,500000.0,1500000.0,,,,,2026-08-10T13:45:46+00:00
244,500000.0,1500000.0,,,,,2026-08-10T13:45:46+00:00
245,1500000.0,5000000.0,,,,,2026-08-10T13:45:46+00:00
246,500000.0,1500000.0,,,,,2026-08-10T13:45:46+00:00
247,,,6,,,"A101'de 6 Taksit Tüm Kampanyalar 2 Kuyum, Optik ve Saat 3 Market ve Gıda 4 E-Ticaret 2 Elektronik ve Telekomünikasyon 3 Yapı Sektörü ve İklimlendirme 2 Akaryakıt 12 Diğer Kampanyalar 1 Eğitim, Kitap ve Kırtasiye 1 Genel Kampanyalar 6 Turizm ve Seyahat 0 Hobi ve Oyuncak 15 Mobilya ve Dekorasyon 4 Beyaz Eşya ve Ev Aletleri 17 Giyim ve Aksesuar Arşiv A101'de 6 Taksit Kampanya Dönemi 10-07-2025 - 31-08-2026 Sektör: Diğer Kampanya Koşulları: Ziraat Katılım Bankkart kredi kartınız ile A101 Marketlerin",2026-08-10T13:45:46+00:00
248,,,4,,,"Abdullah Kiğılı’da 2 Taksit Tüm Kampanyalar 2 Kuyum, Optik ve Saat 3 Market ve Gıda 4 E-Ticaret 2 Elektronik ve Telekomünikasyon 3 Yapı Sektörü ve İklimlendirme 2 Akaryakıt 12 Diğer Kampanyalar 1 Eğitim, Kitap ve Kırtasiye 1 Genel Kampanyalar 6 Turizm ve Seyahat 0 Hobi ve Oyuncak 15 Mobilya ve Dekorasyon 4 Beyaz Eşya ve Ev Aletleri 17 Giyim ve Aksesuar Arşiv Abdullah Kiğılı’da 2 Taksit Kampanya Dönemi 01-04-2025 - 31-08-2026 Sektör: Giyim ve Aksesuar Ziraat Katılım Bankkart kredi kartınız ile Ab",2026-08-10T13:45:46+00:00
251,,,12,,,"Alarko Carrier’da 6 Taksit Tüm Kampanyalar 2 Kuyum, Optik ve Saat 3 Market ve Gıda 4 E-Ticaret 2 Elektronik ve Telekomünikasyon 3 Yapı Sektörü ve İklimlendirme 2 Akaryakıt 12 Diğer Kampanyalar 1 Eğitim, Kitap ve Kırtasiye 1 Genel Kampanyalar 6 Turizm ve Seyahat 0 Hobi ve Oyuncak 15 Mobilya ve Dekorasyon 4 Beyaz Eşya ve Ev Aletleri 17 Giyim ve Aksesuar Arşiv Alarko Carrier’da 6 Taksit Kampanya Dönemi 01-04-2025 - 31-08-2026 Sektör: Yapı Sektörü ve İklimlendirme Ziraat Katılım Bankkart kredi kartı",2026-08-10T13:45:46+00:00
252,,,9,,,"Alfemo'da 5 Taksit Tüm Kampanyalar 2 Kuyum, Optik ve Saat 3 Market ve Gıda 4 E-Ticaret 2 Elektronik ve Telekomünikasyon 3 Yapı Sektörü ve İklimlendirme 2 Akaryakıt 12 Diğer Kampanyalar 1 Eğitim, Kitap ve Kırtasiye 1 Genel Kampanyalar 6 Turizm ve Seyahat 0 Hobi ve Oyuncak 15 Mobilya ve Dekorasyon 4 Beyaz Eşya ve Ev Aletleri 17 Giyim ve Aksesuar Arşiv Alfemo'da 5 Taksit Kampanya Dönemi 27-11-2025 - 31-08-2026 Sektör: Mobilya ve Dekorasyon Kampanya Koşulları: Ziraat Katılım Bankkart kredi kartınız ",2026-08-10T13:45:46+00:00
253,,,9,,,"Amazon'da 9'a varan Taksit Tüm Kampanyalar 2 Kuyum, Optik ve Saat 3 Market ve Gıda 4 E-Ticaret 2 Elektronik ve Telekomünikasyon 3 Yapı Sektörü ve İklimlendirme 2 Akaryakıt 12 Diğer Kampanyalar 1 Eğitim, Kitap ve Kırtasiye 1 Genel Kampanyalar 6 Turizm ve Seyahat 0 Hobi ve Oyuncak 15 Mobilya ve Dekorasyon 4 Beyaz Eşya ve Ev Aletleri 17 Giyim ve Aksesuar Arşiv Amazon'da 9'a varan Taksit Kampanya Dönemi 13-11-2025 - 31-08-2026 Sektör: Diğer Ziraat Katılım Bankkart kredi kartı ile amazon.com.tr'den t",2026-08-10T13:45:46+00:00
255,,,12,,,"BAUHAUS’ta 3 Taksit Tüm Kampanyalar 2 Kuyum, Optik ve Saat 3 Market ve Gıda 4 E-Ticaret 2 Elektronik ve Telekomünikasyon 3 Yapı Sektörü ve İklimlendirme 2 Akaryakıt 12 Diğer Kampanyalar 1 Eğitim, Kitap ve Kırtasiye 1 Genel Kampanyalar 6 Turizm ve Seyahat 0 Hobi ve Oyuncak 15 Mobilya ve Dekorasyon 4 Beyaz Eşya ve Ev Aletleri 17 Giyim ve Aksesuar Arşiv BAUHAUS’ta 3 Taksit Kampanya Dönemi 01-04-2025 - 31-08-2026 Sektör: Yapı Sektörü ve İklimlendirme Ziraat Katılım Bankkart kredi kartınız ile BAUHAU",2026-08-10T13:45:46+00:00
256,,,9,,,"Bellona'da 5 Taksit Tüm Kampanyalar 2 Kuyum, Optik ve Saat 3 Market ve Gıda 4 E-Ticaret 2 Elektronik ve Telekomünikasyon 3 Yapı Sektörü ve İklimlendirme 2 Akaryakıt 12 Diğer Kampanyalar 1 Eğitim, Kitap ve Kırtasiye 1 Genel Kampanyalar 6 Turizm ve Seyahat 0 Hobi ve Oyuncak 15 Mobilya ve Dekorasyon 4 Beyaz Eşya ve Ev Aletleri 17 Giyim ve Aksesuar Arşiv Bellona'da 5 Taksit Kampanya Dönemi 01-04-2025 - 31-08-2026 Sektör: Mobilya ve Dekorasyon Ziraat Katılım Bankkart kredi kartınız ile Bellona 'da ya",2026-08-10T13:45:46+00:00
257,,,4,,,"Benetton'da 2 Taksit Tüm Kampanyalar 2 Kuyum, Optik ve Saat 3 Market ve Gıda 4 E-Ticaret 2 Elektronik ve Telekomünikasyon 3 Yapı Sektörü ve İklimlendirme 2 Akaryakıt 12 Diğer Kampanyalar 1 Eğitim, Kitap ve Kırtasiye 1 Genel Kampanyalar 6 Turizm ve Seyahat 0 Hobi ve Oyuncak 15 Mobilya ve Dekorasyon 4 Beyaz Eşya ve Ev Aletleri 17 Giyim ve Aksesuar Arşiv Benetton'da 2 Taksit Kampanya Dönemi 01-04-2025 - 31-08-2026 Sektör: Giyim ve Aksesuar Ziraat Katılım Bankkart kredi kartınız ile Benetton ’da yap",2026-08-10T13:45:46+00:00
258,,,9,,,"Chakra'da 6 Taksit Tüm Kampanyalar 2 Kuyum, Optik ve Saat 3 Market ve Gıda 4 E-Ticaret 2 Elektronik ve Telekomünikasyon 3 Yapı Sektörü ve İklimlendirme 2 Akaryakıt 12 Diğer Kampanyalar 1 Eğitim, Kitap ve Kırtasiye 1 Genel Kampanyalar 6 Turizm ve Seyahat 0 Hobi ve Oyuncak 15 Mobilya ve Dekorasyon 4 Beyaz Eşya ve Ev Aletleri 17 Giyim ve Aksesuar Arşiv Chakra'da 6 Taksit Kampanya Dönemi 02-03-2026 - 31-08-2026 Ziraat Katılım Bankkart kredi kartınız ile Chakra' da yapacağınız alışverişlerinizde peşi",2026-08-10T13:45:46+00:00
259,,,9,,,"Çilek Mobilya'da 9 Taksit Tüm Kampanyalar 2 Kuyum, Optik ve Saat 3 Market ve Gıda 4 E-Ticaret 2 Elektronik ve Telekomünikasyon 3 Yapı Sektörü ve İklimlendirme 2 Akaryakıt 12 Diğer Kampanyalar 1 Eğitim, Kitap ve Kırtasiye 1 Genel Kampanyalar 6 Turizm ve Seyahat 0 Hobi ve Oyuncak 15 Mobilya ve Dekorasyon 4 Beyaz Eşya ve Ev Aletleri 17 Giyim ve Aksesuar Arşiv Çilek Mobilya'da 9 Taksit Kampanya Dönemi 01-04-2025 - 31-08-2026 Sektör: Mobilya ve Dekorasyon Ziraat Katılım Bankkart kredi kartınız ile Çi",2026-08-10T13:45:46+00:00
260,,,3,,,"Dagi’de 2 Taksit Tüm Kampanyalar 2 Kuyum, Optik ve Saat 3 Market ve Gıda 4 E-Ticaret 2 Elektronik ve Telekomünikasyon 3 Yapı Sektörü ve İklimlendirme 2 Akaryakıt 12 Diğer Kampanyalar 1 Eğitim, Kitap ve Kırtasiye 1 Genel Kampanyalar 6 Turizm ve Seyahat 0 Hobi ve Oyuncak 15 Mobilya ve Dekorasyon 4 Beyaz Eşya ve Ev Aletleri 17 Giyim ve Aksesuar Arşiv Dagi’de 2 Taksit Kampanya Dönemi 01-04-2025 - 31-08-2026 Sektör: Giyim ve Aksesuar Ziraat Katılım Bankkart kredi kartınız ile Dagi 'de yapacağınız alı",2026-08-10T13:45:46+00:00
261,,,4,,,"Decathlon'da 4 Taksit Tüm Kampanyalar 2 Kuyum, Optik ve Saat 3 Market ve Gıda 4 E-Ticaret 2 Elektronik ve Telekomünikasyon 3 Yapı Sektörü ve İklimlendirme 2 Akaryakıt 12 Diğer Kampanyalar 1 Eğitim, Kitap ve Kırtasiye 1 Genel Kampanyalar 6 Turizm ve Seyahat 0 Hobi ve Oyuncak 15 Mobilya ve Dekorasyon 4 Beyaz Eşya ve Ev Aletleri 17 Giyim ve Aksesuar Arşiv Decathlon'da 4 Taksit Kampanya Dönemi 01-04-2025 - 31-08-2026 Sektör: Giyim ve Aksesuar Ziraat Katılım Bankkart kredi kartınız ile Decathlon'da y",2026-08-10T13:45:46+00:00
262,,,4,,,"Desa’da 2 Taksit Tüm Kampanyalar 2 Kuyum, Optik ve Saat 3 Market ve Gıda 4 E-Ticaret 2 Elektronik ve Telekomünikasyon 3 Yapı Sektörü ve İklimlendirme 2 Akaryakıt 12 Diğer Kampanyalar 1 Eğitim, Kitap ve Kırtasiye 1 Genel Kampanyalar 6 Turizm ve Seyahat 0 Hobi ve Oyuncak 15 Mobilya ve Dekorasyon 4 Beyaz Eşya ve Ev Aletleri 17 Giyim ve Aksesuar Arşiv Desa’da 2 Taksit Kampanya Dönemi 01-04-2025 - 31-08-2026 Sektör: Giyim ve Aksesuar Ziraat Katılım Bankkart kredi kartınız ile Desa 'da yapacağınız alı",2026-08-10T13:45:46+00:00
263,,,9,,,"Divanev’de 8 Taksit Tüm Kampanyalar 2 Kuyum, Optik ve Saat 3 Market ve Gıda 4 E-Ticaret 2 Elektronik ve Telekomünikasyon 3 Yapı Sektörü ve İklimlendirme 2 Akaryakıt 12 Diğer Kampanyalar 1 Eğitim, Kitap ve Kırtasiye 1 Genel Kampanyalar 6 Turizm ve Seyahat 0 Hobi ve Oyuncak 15 Mobilya ve Dekorasyon 4 Beyaz Eşya ve Ev Aletleri 17 Giyim ve Aksesuar Arşiv Divanev’de 8 Taksit Kampanya Dönemi 03-02-2026 - 31-08-2026 Sektör: Mobilya ve Dekorasyon Ziraat Katılım Bankkart kredi kartınız ile Divanev 'de ya",2026-08-10T13:45:46+00:00
264,,,9,,,"Doğtaş’ta 6 Taksit Tüm Kampanyalar 2 Kuyum, Optik ve Saat 3 Market ve Gıda 4 E-Ticaret 2 Elektronik ve Telekomünikasyon 3 Yapı Sektörü ve İklimlendirme 2 Akaryakıt 12 Diğer Kampanyalar 1 Eğitim, Kitap ve Kırtasiye 1 Genel Kampanyalar 6 Turizm ve Seyahat 0 Hobi ve Oyuncak 15 Mobilya ve Dekorasyon 4 Beyaz Eşya ve Ev Aletleri 17 Giyim ve Aksesuar Arşiv Doğtaş’ta 6 Taksit Kampanya Dönemi 01-04-2025 - 31-08-2026 Sektör: Mobilya ve Dekorasyon Ziraat Katılım Bankkart kredi kartınız ile Doğtaş 'ta yapac",2026-08-10T13:45:46+00:00
265,,,8,,,"E-bebek'te 8 Taksit Tüm Kampanyalar 2 Kuyum, Optik ve Saat 3 Market ve Gıda 4 E-Ticaret 2 Elektronik ve Telekomünikasyon 3 Yapı Sektörü ve İklimlendirme 2 Akaryakıt 12 Diğer Kampanyalar 1 Eğitim, Kitap ve Kırtasiye 1 Genel Kampanyalar 6 Turizm ve Seyahat 0 Hobi ve Oyuncak 15 Mobilya ve Dekorasyon 4 Beyaz Eşya ve Ev Aletleri 17 Giyim ve Aksesuar Arşiv E-bebek'te 8 Taksit Kampanya Dönemi 01-04-2025 - 31-08-2026 Sektör: Giyim ve Aksesuar Ziraat Katılım Bankkart kredi kartınız ile Ebebek 'te yapacağ",2026-08-10T13:45:46+00:00
267,,,12,,,"Kombi’de 12 Taksit Tüm Kampanyalar 2 Kuyum, Optik ve Saat 3 Market ve Gıda 4 E-Ticaret 2 Elektronik ve Telekomünikasyon 3 Yapı Sektörü ve İklimlendirme 2 Akaryakıt 12 Diğer Kampanyalar 1 Eğitim, Kitap ve Kırtasiye 1 Genel Kampanyalar 6 Turizm ve Seyahat 0 Hobi ve Oyuncak 15 Mobilya ve Dekorasyon 4 Beyaz Eşya ve Ev Aletleri 17 Giyim ve Aksesuar Arşiv E.C.A.",2026-08-10T13:45:46+00:00
269,,,9,,,"Enplus’ta 4 Taksit Tüm Kampanyalar 2 Kuyum, Optik ve Saat 3 Market ve Gıda 4 E-Ticaret 2 Elektronik ve Telekomünikasyon 3 Yapı Sektörü ve İklimlendirme 2 Akaryakıt 12 Diğer Kampanyalar 1 Eğitim, Kitap ve Kırtasiye 1 Genel Kampanyalar 6 Turizm ve Seyahat 0 Hobi ve Oyuncak 15 Mobilya ve Dekorasyon 4 Beyaz Eşya ve Ev Aletleri 17 Giyim ve Aksesuar Arşiv Enplus’ta 4 Taksit Kampanya Dönemi 01-04-2025 - 31-08-2026 Sektör: Beyaz Eşya ve Ev Aletleri Ziraat Katılım Bankkart kredi kartınız ile ENPLUS ’ta y",2026-08-10T13:45:46+00:00
271,,,9,,,"Enza Home'da 8 Taksit Tüm Kampanyalar 2 Kuyum, Optik ve Saat 3 Market ve Gıda 4 E-Ticaret 2 Elektronik ve Telekomünikasyon 3 Yapı Sektörü ve İklimlendirme 2 Akaryakıt 12 Diğer Kampanyalar 1 Eğitim, Kitap ve Kırtasiye 1 Genel Kampanyalar 6 Turizm ve Seyahat 0 Hobi ve Oyuncak 15 Mobilya ve Dekorasyon 4 Beyaz Eşya ve Ev Aletleri 17 Giyim ve Aksesuar Arşiv Enza Home'da 8 Taksit Kampanya Dönemi 03-02-2026 - 31-08-2026 Sektör: Mobilya ve Dekorasyon Ziraat Katılım Bankkart kredi kartınız ile Enza Home ",2026-08-10T13:45:46+00:00
272,,,4,,,"Faik Sönmez’de 3 Taksit Tüm Kampanyalar 2 Kuyum, Optik ve Saat 3 Market ve Gıda 4 E-Ticaret 2 Elektronik ve Telekomünikasyon 3 Yapı Sektörü ve İklimlendirme 2 Akaryakıt 12 Diğer Kampanyalar 1 Eğitim, Kitap ve Kırtasiye 1 Genel Kampanyalar 6 Turizm ve Seyahat 0 Hobi ve Oyuncak 15 Mobilya ve Dekorasyon 4 Beyaz Eşya ve Ev Aletleri 17 Giyim ve Aksesuar Arşiv Faik Sönmez’de 3 Taksit Kampanya Dönemi 01-04-2025 - 31-08-2026 Sektör: Giyim ve Aksesuar Ziraat Katılım Bankkart kredi kartınız ile Faik Sönme",2026-08-10T13:45:46+00:00
273,5000.0,9999.0,8,,,Giyim ve Aksesuar E-bebek'te 8 Taksit Son Gün 31.08.2026 Giyim ve Aksesuar E-bebek'te 8 Taksit Son Gün 31.08.2026 Detaylar Giyim ve Aksesuar Faik Sönmez’de 3 Taksit Son Gün 31.08.2026 Giyim ve Aksesuar Faik Sönmez’de 3 Taksit Son Gün 31.08.2026 Detaylar Giyim ve Aksesuar Ramsey’de 4 Taksit Son Gün 31.08.2026 Giyim ve Aksesuar Ramsey’de 4 Taksit Son Gün 31.08.2026 Detaylar Giyim ve Aksesuar Mavi'de 4 Taksit Son Gün 31.08.2026 Giyim ve Aksesuar Mavi'de 4 Taksit Son Gün 31.08.2026 Detaylar,2026-08-10T13:45:46+00:00
274,,,6,,,Turizm ve Seyahat Yolcu360'ta Yurt Dışı Araç Kiralamalarınızda %15 İndirim Son Gün 31.12.2026 Turizm ve Seyahat Yolcu360'ta Yurt Dışı Araç Kiralamalarınızda %15 İndirim Son Gün 31.12.2026 Detaylar Turizm ve Seyahat Yolcu360'ta Yurt İçi Araç Kiralamalarınızda %10 İndirim Son Gün 31.12.2026 Turizm ve Seyahat Yolcu360'ta Yurt İçi Araç Kiralamalarınızda %10 İndirim Son Gün 31.12.2026 Detaylar Turizm ve Seyahat Türk Hava Yolları'nda 6 Taksit Son Gün 31.08.2026 Turizm ve Seyahat Türk Hava Yolları'nda ,2026-08-10T13:45:46+00:00
275,,,6,,,Turizm ve Seyahat Yolcu360'ta Yurt Dışı Araç Kiralamalarınızda %15 İndirim Son Gün 31.12.2026 Turizm ve Seyahat Yolcu360'ta Yurt Dışı Araç Kiralamalarınızda %15 İndirim Son Gün 31.12.2026 Detaylar Turizm ve Seyahat Yolcu360'ta Yurt İçi Araç Kiralamalarınızda %10 İndirim Son Gün 31.12.2026 Turizm ve Seyahat Yolcu360'ta Yurt İçi Araç Kiralamalarınızda %10 İndirim Son Gün 31.12.2026 Detaylar Turizm ve Seyahat Türk Hava Yolları'nda 6 Taksit Son Gün 31.08.2026 Turizm ve Seyahat Türk Hava Yolları'nda ,2026-08-10T13:45:46+00:00
276,,,9,,,"İdaş’ta 9 Taksit Tüm Kampanyalar 2 Kuyum, Optik ve Saat 3 Market ve Gıda 4 E-Ticaret 2 Elektronik ve Telekomünikasyon 3 Yapı Sektörü ve İklimlendirme 2 Akaryakıt 12 Diğer Kampanyalar 1 Eğitim, Kitap ve Kırtasiye 1 Genel Kampanyalar 6 Turizm ve Seyahat 0 Hobi ve Oyuncak 15 Mobilya ve Dekorasyon 4 Beyaz Eşya ve Ev Aletleri 17 Giyim ve Aksesuar Arşiv İdaş’ta 9 Taksit Kampanya Dönemi 01-04-2025 - 31-08-2026 Sektör: Mobilya ve Dekorasyon Ziraat Katılım Bankkart kredi kartınız ile İdaş ’ta yapacağınız",2026-08-10T13:45:46+00:00
277,,,8,,,"IKEA'da 6 Taksit Tüm Kampanyalar 2 Kuyum, Optik ve Saat 3 Market ve Gıda 4 E-Ticaret 2 Elektronik ve Telekomünikasyon 3 Yapı Sektörü ve İklimlendirme 2 Akaryakıt 12 Diğer Kampanyalar 1 Eğitim, Kitap ve Kırtasiye 1 Genel Kampanyalar 6 Turizm ve Seyahat 0 Hobi ve Oyuncak 15 Mobilya ve Dekorasyon 4 Beyaz Eşya ve Ev Aletleri 17 Giyim ve Aksesuar Arşiv IKEA'da 6 Taksit Kampanya Dönemi 01-04-2024 - 31-08-2026 Sektör: Mobilya ve Dekorasyon Kampanya Koşulları Ziraat Katılım Bankkart kredi kartınız ve IK",2026-08-10T13:45:46+00:00
279,,,5,,,Son Gün 31.08.2026 Detaylar Diğer Kampanyalar Sağlık Sektöründe +5 Taksit Son Gün 31.12.2026 Diğer Kampanyalar Sağlık Sektöründe +5 Taksit Son Gün 31.12.2026 Detaylar Diğer Kampanyalar MTV Ödemelerinize 4 Taksit Son Gün 05.08.2026 Diğer Kampanyalar MTV Ödemelerinize 4 Taksit Son Gün 05.08.2026 Detaylar Diğer Kampanyalar Bağımsız Kart'a Özel 5.000 TL'ye varan Bankkart Lira!,2026-08-10T13:45:46+00:00
280,,,9,,,"İstikbal’de 7 Taksit Tüm Kampanyalar 2 Kuyum, Optik ve Saat 3 Market ve Gıda 4 E-Ticaret 2 Elektronik ve Telekomünikasyon 3 Yapı Sektörü ve İklimlendirme 2 Akaryakıt 12 Diğer Kampanyalar 1 Eğitim, Kitap ve Kırtasiye 1 Genel Kampanyalar 6 Turizm ve Seyahat 0 Hobi ve Oyuncak 15 Mobilya ve Dekorasyon 4 Beyaz Eşya ve Ev Aletleri 17 Giyim ve Aksesuar Arşiv İstikbal’de 7 Taksit Kampanya Dönemi 01-04-2025 - 31-08-2026 Sektör: Mobilya ve Dekorasyon Ziraat Katılım Bankkart kredi kartınız ile İstikbal 'de",2026-08-10T13:45:46+00:00
281,,,2,,,Market ve Gıda Tespo’da 2 Taksit Son Gün 31.08.2026 Market ve Gıda Tespo’da 2 Taksit Son Gün 31.08.2026 Detaylar Market ve Gıda Market Alışverişlerinize Toplam 1.500 TL Bankkart Lira!,2026-08-10T13:45:46+00:00
282,,,9,,,"Karaca'da 3 Taksit Tüm Kampanyalar 2 Kuyum, Optik ve Saat 3 Market ve Gıda 4 E-Ticaret 2 Elektronik ve Telekomünikasyon 3 Yapı Sektörü ve İklimlendirme 2 Akaryakıt 12 Diğer Kampanyalar 1 Eğitim, Kitap ve Kırtasiye 1 Genel Kampanyalar 6 Turizm ve Seyahat 0 Hobi ve Oyuncak 15 Mobilya ve Dekorasyon 4 Beyaz Eşya ve Ev Aletleri 17 Giyim ve Aksesuar Arşiv Karaca'da 3 Taksit Kampanya Dönemi 03-11-2025 - 31-08-2026 Sektör: Çok Reyonlu Mağazalar Kampanya Koşulları: Ziraat Katılım Bankkart kredi kartı ile",2026-08-10T13:45:46+00:00
283,,,9,,,"Kelebek’te 6 Taksit Tüm Kampanyalar 2 Kuyum, Optik ve Saat 3 Market ve Gıda 4 E-Ticaret 2 Elektronik ve Telekomünikasyon 3 Yapı Sektörü ve İklimlendirme 2 Akaryakıt 12 Diğer Kampanyalar 1 Eğitim, Kitap ve Kırtasiye 1 Genel Kampanyalar 6 Turizm ve Seyahat 0 Hobi ve Oyuncak 15 Mobilya ve Dekorasyon 4 Beyaz Eşya ve Ev Aletleri 17 Giyim ve Aksesuar Arşiv Kelebek’te 6 Taksit Kampanya Dönemi 01-04-2025 - 31-08-2026 Sektör: Mobilya ve Dekorasyon Ziraat Katılım Bankkart kredi kartınız ile Kelebek ’te ya",2026-08-10T13:45:46+00:00
284,,,4,,,"Kiğılı’da 2 Taksit Tüm Kampanyalar 2 Kuyum, Optik ve Saat 3 Market ve Gıda 4 E-Ticaret 2 Elektronik ve Telekomünikasyon 3 Yapı Sektörü ve İklimlendirme 2 Akaryakıt 12 Diğer Kampanyalar 1 Eğitim, Kitap ve Kırtasiye 1 Genel Kampanyalar 6 Turizm ve Seyahat 0 Hobi ve Oyuncak 15 Mobilya ve Dekorasyon 4 Beyaz Eşya ve Ev Aletleri 17 Giyim ve Aksesuar Arşiv Kiğılı’da 2 Taksit Kampanya Dönemi 01-04-2025 - 31-08-2026 Sektör: Giyim ve Aksesuar Ziraat Katılım Bankkart kredi kartınız ile Kiğılı ’da yapacağın",2026-08-10T13:45:46+00:00
285,,,8,,,"KİP’te 4 Taksit Tüm Kampanyalar 2 Kuyum, Optik ve Saat 3 Market ve Gıda 4 E-Ticaret 2 Elektronik ve Telekomünikasyon 3 Yapı Sektörü ve İklimlendirme 2 Akaryakıt 12 Diğer Kampanyalar 1 Eğitim, Kitap ve Kırtasiye 1 Genel Kampanyalar 6 Turizm ve Seyahat 0 Hobi ve Oyuncak 15 Mobilya ve Dekorasyon 4 Beyaz Eşya ve Ev Aletleri 17 Giyim ve Aksesuar Arşiv KİP’te 4 Taksit Kampanya Dönemi 12-06-2025 - 31-08-2026 Sektör: Giyim ve Aksesuar Ziraat Katılım Bankkart kredi kartınız ile KİP mağazalarından ve kip.",2026-08-10T13:45:46+00:00
286,,,6,,,Diğer Kampanyalar A101'de 6 Taksit Son Gün 31.08.2026 Diğer Kampanyalar A101'de 6 Taksit Son Gün 31.08.2026 Detaylar Diğer Kampanyalar PETLAS'ta Peşin Fiyatına 6 Taksit Son Gün 31.12.2026 Diğer Kampanyalar PETLAS'ta Peşin Fiyatına 6 Taksit Son Gün 31.12.2026 Detaylar Diğer Kampanyalar Bağımsız Kart'a Özel 5.000 TL'ye varan Bankkart Lira!,2026-08-10T13:45:46+00:00
287,,,4,,,"Machka’da 4 Taksit Tüm Kampanyalar 2 Kuyum, Optik ve Saat 3 Market ve Gıda 4 E-Ticaret 2 Elektronik ve Telekomünikasyon 3 Yapı Sektörü ve İklimlendirme 2 Akaryakıt 12 Diğer Kampanyalar 1 Eğitim, Kitap ve Kırtasiye 1 Genel Kampanyalar 6 Turizm ve Seyahat 0 Hobi ve Oyuncak 15 Mobilya ve Dekorasyon 4 Beyaz Eşya ve Ev Aletleri 17 Giyim ve Aksesuar Arşiv Machka’da 4 Taksit Kampanya Dönemi 01-04-2024 - 31-08-2026 Sektör: Giyim ve Aksesuar Ziraat Katılım Bankkart kredi kartınız ile Machka 'da yapacağın",2026-08-10T13:45:46+00:00
288,,,2,,,Son Gün 07.08.2026 Detaylar Market ve Gıda Tespo’da 2 Taksit Son Gün 31.08.2026 Market ve Gıda Tespo’da 2 Taksit Son Gün 31.08.2026 Detaylar,2026-08-10T13:45:46+00:00
289,,,8,,,"Mavi'de 4 Taksit Tüm Kampanyalar 2 Kuyum, Optik ve Saat 3 Market ve Gıda 4 E-Ticaret 2 Elektronik ve Telekomünikasyon 3 Yapı Sektörü ve İklimlendirme 2 Akaryakıt 12 Diğer Kampanyalar 1 Eğitim, Kitap ve Kırtasiye 1 Genel Kampanyalar 6 Turizm ve Seyahat 0 Hobi ve Oyuncak 15 Mobilya ve Dekorasyon 4 Beyaz Eşya ve Ev Aletleri 17 Giyim ve Aksesuar Arşiv Mavi'de 4 Taksit Kampanya Dönemi 21-08-2025 - 31-08-2026 Sektör: Giyim ve Aksesuar Kampanya Koşulları: Ziraat Katılım Bankkart kredi kartınız ile Mavi",2026-08-10T13:45:46+00:00
290,,,4,,,"Michelin’de 4 Taksit Tüm Kampanyalar 2 Kuyum, Optik ve Saat 3 Market ve Gıda 4 E-Ticaret 2 Elektronik ve Telekomünikasyon 3 Yapı Sektörü ve İklimlendirme 2 Akaryakıt 12 Diğer Kampanyalar 1 Eğitim, Kitap ve Kırtasiye 1 Genel Kampanyalar 6 Turizm ve Seyahat 0 Hobi ve Oyuncak 15 Mobilya ve Dekorasyon 4 Beyaz Eşya ve Ev Aletleri 17 Giyim ve Aksesuar Arşiv Michelin’de 4 Taksit Kampanya Dönemi 01-04-2025 - 31-08-2026 Sektör: Araç Satış / Servis ve Yedek Parça Ziraat Katılım Bankkart kredi kartınız ile",2026-08-10T13:45:46+00:00
291,,,9,,,"Miele'de 6 Taksit Tüm Kampanyalar 2 Kuyum, Optik ve Saat 3 Market ve Gıda 4 E-Ticaret 2 Elektronik ve Telekomünikasyon 3 Yapı Sektörü ve İklimlendirme 2 Akaryakıt 12 Diğer Kampanyalar 1 Eğitim, Kitap ve Kırtasiye 1 Genel Kampanyalar 6 Turizm ve Seyahat 0 Hobi ve Oyuncak 15 Mobilya ve Dekorasyon 4 Beyaz Eşya ve Ev Aletleri 17 Giyim ve Aksesuar Arşiv Miele'de 6 Taksit Kampanya Dönemi 26-05-2025 - 31-08-2026 Sektör: Beyaz Eşya Ziraat Katılım Bankkart kredi kartınız ile Miele mağazaları ve shop.miel",2026-08-10T13:45:46+00:00
292,,,9,,,"ModaLife'ta 9 Taksit Tüm Kampanyalar 2 Kuyum, Optik ve Saat 3 Market ve Gıda 4 E-Ticaret 2 Elektronik ve Telekomünikasyon 3 Yapı Sektörü ve İklimlendirme 2 Akaryakıt 12 Diğer Kampanyalar 1 Eğitim, Kitap ve Kırtasiye 1 Genel Kampanyalar 6 Turizm ve Seyahat 0 Hobi ve Oyuncak 15 Mobilya ve Dekorasyon 4 Beyaz Eşya ve Ev Aletleri 17 Giyim ve Aksesuar Arşiv ModaLife'ta 9 Taksit Kampanya Dönemi 16-10-2025 - 31-08-2026 Sektör: Mobilya ve Dekorasyon Kampanya Koşulları: Ziraat Katılım Bankkart kredi kartı",2026-08-10T13:45:46+00:00
293,,,9,,,"Mondihome'da 5 Taksit Tüm Kampanyalar 2 Kuyum, Optik ve Saat 3 Market ve Gıda 4 E-Ticaret 2 Elektronik ve Telekomünikasyon 3 Yapı Sektörü ve İklimlendirme 2 Akaryakıt 12 Diğer Kampanyalar 1 Eğitim, Kitap ve Kırtasiye 1 Genel Kampanyalar 6 Turizm ve Seyahat 0 Hobi ve Oyuncak 15 Mobilya ve Dekorasyon 4 Beyaz Eşya ve Ev Aletleri 17 Giyim ve Aksesuar Arşiv Mondihome'da 5 Taksit Kampanya Dönemi 01-04-2025 - 31-08-2026 Sektör: Mobilya ve Dekorasyon Ziraat Katılım Bankkart kredi kartınız ile Mondihome ",2026-08-10T13:45:46+00:00
294,,,6,,,"MTV Ödemelerinize 4 Taksit MTV Ödemelerinize 4 Taksit Tüm Kampanyalar 2 Kuyum, Optik ve Saat 3 Market ve Gıda 4 E-Ticaret 2 Elektronik ve Telekomünikasyon 3 Yapı Sektörü ve İklimlendirme 2 Akaryakıt 12 Diğer Kampanyalar 1 Eğitim, Kitap ve Kırtasiye 1 Genel Kampanyalar 6 Turizm ve Seyahat 0 Hobi ve Oyuncak 15 Mobilya ve Dekorasyon 4 Beyaz Eşya ve Ev Aletleri 17 Giyim ve Aksesuar Arşiv MTV Ödemelerinize 4 Taksit Kampanya Dönemi 01-07-2026 - 05-08-2026 Ziraat Katılım Bankkart kredi kartınız ile 1 T",2026-08-10T13:45:46+00:00
295,,,8,,,"Okul Ödemelerinizde +8 Taksit Tüm Kampanyalar 2 Kuyum, Optik ve Saat 3 Market ve Gıda 4 E-Ticaret 2 Elektronik ve Telekomünikasyon 3 Yapı Sektörü ve İklimlendirme 2 Akaryakıt 12 Diğer Kampanyalar 1 Eğitim, Kitap ve Kırtasiye 1 Genel Kampanyalar 6 Turizm ve Seyahat 0 Hobi ve Oyuncak 15 Mobilya ve Dekorasyon 4 Beyaz Eşya ve Ev Aletleri 17 Giyim ve Aksesuar Arşiv Okul Ödemelerinizde +8 Taksit Kampanya Dönemi 18-08-2025 - 31-12-2026 Sektör: Eğitim Okul ödemelerinizde Ziraat Katılım Bankkart kredi ka",2026-08-10T13:45:46+00:00
296,,,4,,,"Opmar Optik’te 4 Taksit Tüm Kampanyalar 2 Kuyum, Optik ve Saat 3 Market ve Gıda 4 E-Ticaret 2 Elektronik ve Telekomünikasyon 3 Yapı Sektörü ve İklimlendirme 2 Akaryakıt 12 Diğer Kampanyalar 1 Eğitim, Kitap ve Kırtasiye 1 Genel Kampanyalar 6 Turizm ve Seyahat 0 Hobi ve Oyuncak 15 Mobilya ve Dekorasyon 4 Beyaz Eşya ve Ev Aletleri 17 Giyim ve Aksesuar Arşiv Opmar Optik’te 4 Taksit Kampanya Dönemi 01-04-2025 - 31-08-2026 Sektör: Optik Ziraat Katılım Bankkart kredi kartınız ile Opmar Optik 'te yapaca",2026-08-10T13:45:46+00:00
297,,,4,,,"Kuyum, Optik ve Saat Opmar Optik’te 4 Taksit Son Gün 31.08.2026 Kuyum, Optik ve Saat Opmar Optik’te 4 Taksit Son Gün 31.08.2026 Detaylar",2026-08-10T13:45:46+00:00
298,,,4,,,"Oxxo’da 2 Taksit Tüm Kampanyalar 2 Kuyum, Optik ve Saat 3 Market ve Gıda 4 E-Ticaret 2 Elektronik ve Telekomünikasyon 3 Yapı Sektörü ve İklimlendirme 2 Akaryakıt 12 Diğer Kampanyalar 1 Eğitim, Kitap ve Kırtasiye 1 Genel Kampanyalar 6 Turizm ve Seyahat 0 Hobi ve Oyuncak 15 Mobilya ve Dekorasyon 4 Beyaz Eşya ve Ev Aletleri 17 Giyim ve Aksesuar Arşiv Oxxo’da 2 Taksit Kampanya Dönemi 01-04-2025 - 31-08-2026 Sektör: Giyim ve Aksesuar Ziraat Katılım Bankkart kredi kartınız ile Oxxo 'da yapacağınız alı",2026-08-10T13:45:46+00:00
299,,,4,,,"Panço’da 3 Taksit Tüm Kampanyalar 2 Kuyum, Optik ve Saat 3 Market ve Gıda 4 E-Ticaret 2 Elektronik ve Telekomünikasyon 3 Yapı Sektörü ve İklimlendirme 2 Akaryakıt 12 Diğer Kampanyalar 1 Eğitim, Kitap ve Kırtasiye 1 Genel Kampanyalar 6 Turizm ve Seyahat 0 Hobi ve Oyuncak 15 Mobilya ve Dekorasyon 4 Beyaz Eşya ve Ev Aletleri 17 Giyim ve Aksesuar Arşiv Panço’da 3 Taksit Kampanya Dönemi 01-04-2025 - 31-08-2026 Sektör: Giyim ve Aksesuar Ziraat Katılım Bankkart kredi kartınız ile Panço 'da yapacağınız ",2026-08-10T13:45:46+00:00
300,,,6,,,"PETLAS'ta Peşin Fiyatına 6 Taksit Tüm Kampanyalar 2 Kuyum, Optik ve Saat 3 Market ve Gıda 4 E-Ticaret 2 Elektronik ve Telekomünikasyon 3 Yapı Sektörü ve İklimlendirme 2 Akaryakıt 12 Diğer Kampanyalar 1 Eğitim, Kitap ve Kırtasiye 1 Genel Kampanyalar 6 Turizm ve Seyahat 0 Hobi ve Oyuncak 15 Mobilya ve Dekorasyon 4 Beyaz Eşya ve Ev Aletleri 17 Giyim ve Aksesuar Arşiv PETLAS'ta Peşin Fiyatına 6 Taksit Kampanya Dönemi 01-04-2025 - 31-12-2026 Sektör: Diğer Ziraat Katılım Bankkart kredi kartınız ile Pe",2026-08-10T13:45:46+00:00
301,,,9,,,"Puffy'de 6'ya varan Taksit Tüm Kampanyalar 2 Kuyum, Optik ve Saat 3 Market ve Gıda 4 E-Ticaret 2 Elektronik ve Telekomünikasyon 3 Yapı Sektörü ve İklimlendirme 2 Akaryakıt 12 Diğer Kampanyalar 1 Eğitim, Kitap ve Kırtasiye 1 Genel Kampanyalar 6 Turizm ve Seyahat 0 Hobi ve Oyuncak 15 Mobilya ve Dekorasyon 4 Beyaz Eşya ve Ev Aletleri 17 Giyim ve Aksesuar Arşiv Puffy'de 6'ya varan Taksit Kampanya Dönemi 01-04-2025 - 31-08-2026 Sektör: Mobilya ve Dekorasyon Ziraat Katılım Bankkart kredi kartınız ile ",2026-08-10T13:45:46+00:00
302,,,4,,,Son Gün 07.08.2026 Detaylar Diğer Kampanyalar Michelin’de 4 Taksit Son Gün 31.08.2026 Diğer Kampanyalar Michelin’de 4 Taksit Son Gün 31.08.2026 Detaylar Diğer Kampanyalar İlk Bankkart Kredi Kartınıza 5.000 TL Bankkart Lira!,2026-08-10T13:45:46+00:00
303,,,4,,,"Ramsey’de 4 Taksit Tüm Kampanyalar 2 Kuyum, Optik ve Saat 3 Market ve Gıda 4 E-Ticaret 2 Elektronik ve Telekomünikasyon 3 Yapı Sektörü ve İklimlendirme 2 Akaryakıt 12 Diğer Kampanyalar 1 Eğitim, Kitap ve Kırtasiye 1 Genel Kampanyalar 6 Turizm ve Seyahat 0 Hobi ve Oyuncak 15 Mobilya ve Dekorasyon 4 Beyaz Eşya ve Ev Aletleri 17 Giyim ve Aksesuar Arşiv Ramsey’de 4 Taksit Kampanya Dönemi 12-06-2025 - 31-08-2026 Sektör: Giyim ve Aksesuar Ziraat Katılım Bankkart kredi kartınız ile RAMSEY mağazalarında",2026-08-10T13:45:46+00:00
304,,,5,,,"Sağlık Sektöründe +5 Taksit Tüm Kampanyalar 2 Kuyum, Optik ve Saat 3 Market ve Gıda 4 E-Ticaret 2 Elektronik ve Telekomünikasyon 3 Yapı Sektörü ve İklimlendirme 2 Akaryakıt 12 Diğer Kampanyalar 1 Eğitim, Kitap ve Kırtasiye 1 Genel Kampanyalar 6 Turizm ve Seyahat 0 Hobi ve Oyuncak 15 Mobilya ve Dekorasyon 4 Beyaz Eşya ve Ev Aletleri 17 Giyim ve Aksesuar Arşiv Sağlık Sektöründe +5 Taksit Kampanya Dönemi 01-04-2025 - 31-12-2026 Sektör: Sağlık Hizmetleri, Sağlık Ürünleri Ziraat Katılım Bankkart kred",2026-08-10T13:45:46+00:00
305,,,4,,,"Samsonite’ta 2 Taksit Tüm Kampanyalar 2 Kuyum, Optik ve Saat 3 Market ve Gıda 4 E-Ticaret 2 Elektronik ve Telekomünikasyon 3 Yapı Sektörü ve İklimlendirme 2 Akaryakıt 12 Diğer Kampanyalar 1 Eğitim, Kitap ve Kırtasiye 1 Genel Kampanyalar 6 Turizm ve Seyahat 0 Hobi ve Oyuncak 15 Mobilya ve Dekorasyon 4 Beyaz Eşya ve Ev Aletleri 17 Giyim ve Aksesuar Arşiv Samsonite’ta 2 Taksit Kampanya Dönemi 01-04-2025 - 31-08-2026 Sektör: Giyim ve Aksesuar Ziraat Katılım Bankkart kredi kartınız ile Samsonite 'ta ",2026-08-10T13:45:46+00:00
306,,,2,,,"Tespo’da 2 Taksit Tüm Kampanyalar 2 Kuyum, Optik ve Saat 3 Market ve Gıda 4 E-Ticaret 2 Elektronik ve Telekomünikasyon 3 Yapı Sektörü ve İklimlendirme 2 Akaryakıt 12 Diğer Kampanyalar 1 Eğitim, Kitap ve Kırtasiye 1 Genel Kampanyalar 6 Turizm ve Seyahat 0 Hobi ve Oyuncak 15 Mobilya ve Dekorasyon 4 Beyaz Eşya ve Ev Aletleri 17 Giyim ve Aksesuar Arşiv Tespo’da 2 Taksit Kampanya Dönemi 01-04-2025 - 31-08-2026 Sektör: Market ve Gıda Ziraat Katılım Bankkart kredi kartınız ile Tespo 'da yapacağınız alı",2026-08-10T13:45:46+00:00
307,,,5,,,Diğer Kampanyalar Michelin’de 4 Taksit Son Gün 31.08.2026 Diğer Kampanyalar Michelin’de 4 Taksit Son Gün 31.08.2026 Detaylar Diğer Kampanyalar Sağlık Sektöründe +5 Taksit Son Gün 31.12.2026 Diğer Kampanyalar Sağlık Sektöründe +5 Taksit Son Gün 31.12.2026 Detaylar Diğer Kampanyalar İlk Bankkart Kredi Kartınıza 5.000 TL Bankkart Lira!,2026-08-10T13:45:46+00:00
308,,,6,,,"Trendyol'da 6'ya varan Taksit Tüm Kampanyalar 2 Kuyum, Optik ve Saat 3 Market ve Gıda 4 E-Ticaret 2 Elektronik ve Telekomünikasyon 3 Yapı Sektörü ve İklimlendirme 2 Akaryakıt 12 Diğer Kampanyalar 1 Eğitim, Kitap ve Kırtasiye 1 Genel Kampanyalar 6 Turizm ve Seyahat 0 Hobi ve Oyuncak 15 Mobilya ve Dekorasyon 4 Beyaz Eşya ve Ev Aletleri 17 Giyim ve Aksesuar Arşiv Trendyol'da 6'ya varan Taksit Kampanya Dönemi 01-04-2025 - 31-08-2026 Sektör: Diğer Ziraat Katılım Bankkart kredi kartınız ile tek seferd",2026-08-10T13:45:46+00:00
310,,,5,,,"Troy'da 5 Taksit Tüm Kampanyalar 2 Kuyum, Optik ve Saat 3 Market ve Gıda 4 E-Ticaret 2 Elektronik ve Telekomünikasyon 3 Yapı Sektörü ve İklimlendirme 2 Akaryakıt 12 Diğer Kampanyalar 1 Eğitim, Kitap ve Kırtasiye 1 Genel Kampanyalar 6 Turizm ve Seyahat 0 Hobi ve Oyuncak 15 Mobilya ve Dekorasyon 4 Beyaz Eşya ve Ev Aletleri 17 Giyim ve Aksesuar Arşiv Troy'da 5 Taksit Kampanya Dönemi 01-04-2025 - 31-08-2026 Sektör: Elektronik Ziraat Katılım Bankkart kredi kartınız ile Troy 'da yapacağınız alışverişl",2026-08-10T13:45:46+00:00
311,,,6,,,"Türk Hava Yolları'nda 6 Taksit Tüm Kampanyalar 2 Kuyum, Optik ve Saat 3 Market ve Gıda 4 E-Ticaret 2 Elektronik ve Telekomünikasyon 3 Yapı Sektörü ve İklimlendirme 2 Akaryakıt 12 Diğer Kampanyalar 1 Eğitim, Kitap ve Kırtasiye 1 Genel Kampanyalar 6 Turizm ve Seyahat 0 Hobi ve Oyuncak 15 Mobilya ve Dekorasyon 4 Beyaz Eşya ve Ev Aletleri 17 Giyim ve Aksesuar Arşiv Türk Hava Yolları'nda 6 Taksit Kampanya Dönemi 01-05-2025 - 31-08-2026 Sektör: Havayolları Ziraat Katılım Bankkart kredi kartınız ile Tü",2026-08-10T13:45:46+00:00
312,,,9,,,"Uğur Derin Dondurucu’da 9 Taksit Tüm Kampanyalar 2 Kuyum, Optik ve Saat 3 Market ve Gıda 4 E-Ticaret 2 Elektronik ve Telekomünikasyon 3 Yapı Sektörü ve İklimlendirme 2 Akaryakıt 12 Diğer Kampanyalar 1 Eğitim, Kitap ve Kırtasiye 1 Genel Kampanyalar 6 Turizm ve Seyahat 0 Hobi ve Oyuncak 15 Mobilya ve Dekorasyon 4 Beyaz Eşya ve Ev Aletleri 17 Giyim ve Aksesuar Arşiv Uğur Derin Dondurucu’da 9 Taksit Kampanya Dönemi 01-04-2025 - 31-08-2026 Sektör: Beyaz Eşya ve Ev Aletleri Ziraat Katılım Bankkart kre",2026-08-10T13:45:46+00:00
313,,,5,,,"Vatan’da 3 Taksit Tüm Kampanyalar 2 Kuyum, Optik ve Saat 3 Market ve Gıda 4 E-Ticaret 2 Elektronik ve Telekomünikasyon 3 Yapı Sektörü ve İklimlendirme 2 Akaryakıt 12 Diğer Kampanyalar 1 Eğitim, Kitap ve Kırtasiye 1 Genel Kampanyalar 6 Turizm ve Seyahat 0 Hobi ve Oyuncak 15 Mobilya ve Dekorasyon 4 Beyaz Eşya ve Ev Aletleri 17 Giyim ve Aksesuar Arşiv Vatan’da 3 Taksit Kampanya Dönemi 01-04-2025 - 31-08-2026 Sektör: Elektronik Ziraat Katılım Bankkart kredi kartınız ile Vatan 'da yapacağınız alışver",2026-08-10T13:45:46+00:00
314,,,8,,,"W Collection'da 4 Taksit Tüm Kampanyalar 2 Kuyum, Optik ve Saat 3 Market ve Gıda 4 E-Ticaret 2 Elektronik ve Telekomünikasyon 3 Yapı Sektörü ve İklimlendirme 2 Akaryakıt 12 Diğer Kampanyalar 1 Eğitim, Kitap ve Kırtasiye 1 Genel Kampanyalar 6 Turizm ve Seyahat 0 Hobi ve Oyuncak 15 Mobilya ve Dekorasyon 4 Beyaz Eşya ve Ev Aletleri 17 Giyim ve Aksesuar Arşiv W Collection'da 4 Taksit Kampanya Dönemi 01-03-2026 - 31-08-2026 Ziraat Katılım Bankkart kredi kartınız ile W Collection mağazalarından ve wco",2026-08-10T13:45:46+00:00
315,,,9,,,"Yataş Bedding'de 8 Taksit Tüm Kampanyalar 2 Kuyum, Optik ve Saat 3 Market ve Gıda 4 E-Ticaret 2 Elektronik ve Telekomünikasyon 3 Yapı Sektörü ve İklimlendirme 2 Akaryakıt 12 Diğer Kampanyalar 1 Eğitim, Kitap ve Kırtasiye 1 Genel Kampanyalar 6 Turizm ve Seyahat 0 Hobi ve Oyuncak 15 Mobilya ve Dekorasyon 4 Beyaz Eşya ve Ev Aletleri 17 Giyim ve Aksesuar Arşiv Yataş Bedding'de 8 Taksit Kampanya Dönemi 30-05-2025 - 31-08-2026 Sektör: Mobilya ve Dekorasyon Ziraat Katılım Bankkart kredi kartınız ile Ya",2026-08-10T13:45:46+00:00
316,,,6,,,Son Gün 07.08.2026 Detaylar Turizm ve Seyahat Türk Hava Yolları'nda 6 Taksit Son Gün 31.08.2026 Turizm ve Seyahat Türk Hava Yolları'nda 6 Taksit Son Gün 31.08.2026 Detaylar Turizm ve Seyahat Enterprise'ta Araç Kiralamalarınızda %30 İndirim Son Gün 31.12.2026 Turizm ve Seyahat Enterprise'ta Araç Kiralamalarınızda %30 İndirim Son Gün 31.12.2026 Detaylar Turizm ve Seyahat Yolcu360'ta Yurt İçi Araç Kiralamalarınızda %10 İndirim Son Gün 31.12.2026 Turizm ve Seyahat Yolcu360'ta Yurt İçi Araç Kiralamal,2026-08-10T13:45:46+00:00
317,,,6,,,Son Gün 07.08.2026 Detaylar Turizm ve Seyahat Türk Hava Yolları'nda 6 Taksit Son Gün 31.08.2026 Turizm ve Seyahat Türk Hava Yolları'nda 6 Taksit Son Gün 31.08.2026 Detaylar,2026-08-10T13:45:46+00:00
319,,,,0.0,Vade farksız (%0),A101 de Vade Farksız 6 Aya Varan Taksit Fırsatı!,2026-08-10T13:45:46+00:00
320,,,8,,,Alfemo’da Peşin fiyatına 8 Taksit Fırsatı!,2026-08-10T13:45:46+00:00
323,,,4,,,Divarese’de 4 Taksit Fırsatı!,2026-08-10T13:45:46+00:00
326,,,9,,,Dyson’da Peşin Fiyatına 9 Aya Varan Taksit Fırsatı!,2026-08-10T13:45:46+00:00
328,,,,0.0,Vade farksız (%0),,2026-08-10T13:45:46+00:00
329,,,,0.0,Vade farksız (%0),Gürgençler’de Peşin Fiyatına 9 Aya Varan Taksit Fırsatı!,2026-08-10T13:45:46+00:00
330,,,6,0.0,Vade farksız (%0),ITOPYA.COM'da Vade Farksız 6 Taksit Fırsatı!,2026-08-10T13:45:46+00:00
331,,,7,,,İder Mobilya’da 7 Taksite %15 indirim Fırsatı!,2026-08-10T13:45:46+00:00
332,,,3,,,İncehesap.Com'da Peşin Fiyatına 3 Taksit Fırsatı!,2026-08-10T13:45:46+00:00
333,,,4,,,İpekyol’da 4 Taksit Fırsatı!,2026-08-10T13:45:46+00:00
334,,,5,,,Kip’te 5 Taksit Fırsatı!,2026-08-10T13:45:46+00:00
336,,,,0.0,Vade farksız (%0),Monster Notebook’ta Peşin Fiyatına 12 Aya Varan Taksit Fırsatı!,2026-08-10T13:45:46+00:00
337,,,3,,,N11'de Peşin Fiyatına 3 Taksit Fırsatı Dünya Katılım Paraf ile n11’de tek seferde yapılacak alışverişlerde peşin fiyatına 3 aya varan taksit imkanı sunulmaktadır.,2026-08-10T13:45:46+00:00
338,,,4,,,Network’te 4 Taksit Fırsatı!,2026-08-10T13:45:46+00:00
339,,,,0.0,Vade farksız (%0),Paraf ile Demirdöküm’de 9 Aya Varan Taksit Fırsatı!,2026-08-10T13:45:46+00:00
340,,,4,,,Paraf ile Evidea’da 4 Taksit Fırsatı!,2026-08-10T13:45:46+00:00
341,,,5,,,Paraf ile Koçtaş'ta 5 Taksit Fırsatı!,2026-08-10T13:45:46+00:00
342,,,6,,,Paraf İle ADV Mağazalarında 6 Taksit Fırsatı!,2026-08-10T13:45:46+00:00
343,,,6,,,Paraf İle Damat Tween’de 6 Taksit Fırsatı!,2026-08-10T13:45:46+00:00
344,,,6,,,Paraf İle Zsa Zsa Zsu Mağazalarında 6 Taksit Fırsatı!,2026-08-10T13:45:46+00:00
345,,,6,0.0,Vade farksız (%0),Pazarama’da Peşin Fiyatına 6 Taksit Fırsatı!,2026-08-10T13:45:46+00:00
346,,,5,,,Ramsey’de 5 Taksit Fırsatı!,2026-08-10T13:45:46+00:00
348,,,9,,,Touristica.com.tr'de Peşin Fiyatına 9 Taksit Fırsatı!,2026-08-10T13:45:46+00:00
349,,,9,,,Trendyol'da Peşin Fiyatına 9 Aya Varan Taksit Fırsatı!,2026-08-10T13:45:46+00:00
351,,,4,,,Twist’te 4 Taksit Fırsatı!,2026-08-10T13:45:46+00:00
352,,,,0.0,Vade farksız (%0),Vaillant’ta 9 Aya Varan Taksit Fırsatı!,2026-08-10T13:45:46+00:00
353,,,4,,,Vakkorama’da 4 taksit Fırsatı!,2026-08-10T13:45:46+00:00
354,,,4,,,VAKKO’da 4 Taksit Fırsatı!,2026-08-10T13:45:46+00:00
355,,,,0.0,Vade farksız (%0),Vatan’da Peşin Fiyatına 6 Aya Varan Taksit Fırsatı!,2026-08-10T13:45:46+00:00
356,,,7,,,Vestel’de 9 Aya Varan Taksit Fırsatı!,2026-08-10T13:45:46+00:00
357,,,8,,,Yataş’ta 8 Taksit Fırsatı!,2026-08-10T13:45:46+00:00
358,50000.0,2000000.0,,,,,2026-08-10T13:45:46+00:00
397,,,3,,,"Kampanya Başlangıç ve Bitiş 01.08.2026 - 31.08.2026 Müşteri Ol Müşteri Ol Siz de Albaraka Mobil’den DASK sigortanızı kolayca yaptırın, evinizi koruma altına alırken Worldpuan ve taksit fırsatlarından yararlanın!",2026-08-10T13:45:46+00:00
400,10000.0,25000.0,,,,,2026-08-10T13:45:46+00:00
407,,,6,0.0,Vade farksız (%0),Sağlık Harcamalarına Vade Farksız 6 Taksit Kampanyası Albaraka Mobil Mobil Bankacılık Aç Sağlık Harcamalarına Vade Farksız 6 Taksit Kampanyası Kampanya Başlangıç ve Bitiş 01.08.2026 - 31.08.2026 Albaraka Mobil Albaraka Mobil TROY kredi kartlarınız ile yapacağınız 1.000 TL- 100.000 TL arası sağlık harcamalarınıza vade farksız 6 taksit fırsatı!,2026-08-10T13:45:46+00:00
409,45000.0,69999.0,12,,,"Peşin, 3 taksitli veya 6 taksitli alışverişlerden kampanyaya uygun olarak ilk yapılan alışveriş üzerinden Worldpuan kazanacaktır.",2026-08-10T13:45:46+00:00
410,45000.0,69999.0,12,,,"1-31 Ağustos 2026 tarihleri arasında Tatilbudur.com, TatilBudur mobil uygulaması ,TatilBudur çağrı merkezi ve acenteler üzerinden tek seferde yapılacak peşin, 3 taksitli veya 6 taksitli alışverişlerde seçili yurt içi ve Kuzey Kıbrıs otel, yurt dışı tur rezervasyonlarında geçerli; 45.000 TL-69.999 TL arası harcamaya 2.500 TL, 70.000 TL - 119.999 TL arası harcamaya 5.000 TL, 120.000 TL ve üzeri harcamaya 7.500 TL Worldpuan kazanılmaktadır.",2026-08-10T13:45:46+00:00
411,,,3,,,Casper.com.tr'de Peşin Fiyatına 3 Taksit Fırsatı!,2026-08-10T13:45:46+00:00
412,100.0,1000.0,12,0.0,Vade farksız (%0),Hepsiburada'da Peşin Fiyatına 6 Aya Varan Taksit Fırsatı!,2026-08-10T13:45:46+00:00
413,,,3,0.0,Vade farksız (%0),PttAVM.com'da Peşin Fiyatına 3 Taksit Fırsatı!,2026-08-10T13:45:46+00:00
414,,,,0.0,Vade farksız (%0),Schafer Mağazalarında Vade Farksız 9 Aya Varan Taksit Fırsatı!,2026-08-10T13:45:46+00:00
415,,,12,,,Paraf ile Yenilio'da Peşin Fiyatına 12 Aya Varan Taksit Fırsatı!,2026-08-10T13:45:46+00:00
418,,,3,,,A101 Ekstra’da tüm cep telefonlarına Peşin Fiyatına 3 Taksit!,2026-08-10T13:45:46+00:00
420,,,3,,,A101 Ekstra’da tüm cep telefonlarına Peşin Fiyatına 3 Taksit!,2026-08-10T13:45:46+00:00
427,,,6,0.0,Vade farksız (%0),"Tüm marketlerde %5 yerine %10 iade Tüm restoranlarda %7,5 yerine %15 iade Tüm akaryakıtta %5 yerine %10 iade Tüm Pegasus’ta %50 iade Tüm giyimde vade farksız 3 yerine 6 taksit Tüm detay ve koşullar için Çok Kazananlar Kulübü sayfasını ziyaret edebilirsin.",2026-08-10T13:45:46+00:00
428,,,3,,,Hadi Taksitli Kredi ile derin dondurucu ve klimalarda PEŞİN FİYATINA 3 TAKSİT!,2026-08-10T13:45:46+00:00
430,,,6,0.0,%0 vade farkı,Eczanelerde Hadi Sağlık Kredisi ile %0 Vade Farkı ile 6 taksit!,2026-08-10T13:45:46+00:00
432,1000.0,20000.0,6,0.0,Vade farksız (%0),Giyim Alışverişlerinde Vade Farksız 3 Taksit!,2026-08-10T13:45:46+00:00
433,,,15,,,Hadi Alışveriş Kredisi ile Çetmen Mağazalarına Özel 15 Taksit!,2026-08-10T13:45:46+00:00
449,,,15,0.0,Vade farksız (%0),Hadi Mağazadan Alışveriş Kredisi ile Alpi Diş Hastanelerinde 15 Taksit!,2026-08-10T13:45:46+00:00
450,,,15,,,Hadi Mağazadan Alışveriş Kredisi ile Konfor Mağazalarına Özel 15 Taksit!,2026-08-10T13:45:46+00:00
451,,,12,,,Hadi Mağazadan Alışveriş Kredisi ile Samsung Beyaz Eşya Alışverişlerine 12 Taksit!,2026-08-10T13:45:46+00:00
453,,,2,,,Hadi Taksitli Kredi ile 2.500 TL ve üzeri harcamalarında 250 TL nakit iade!,2026-08-10T13:45:46+00:00
454,,,12,,,"Kampanya eczane harcamalarında 4.99 Vade Farkıyla 3 Taksit, diğer sağlık sektörü harcamalarında 4.99 Vade Farkıyla 3-6-9-12 Taksit ile sınırlıdır.",2026-08-10T13:45:46+00:00
465,,,12,0.99,"%0,99 vade farkı","memorial-hastanesinde-hadi-taksitli-kredi-ile-tedavi-ol-kolayca-ode | TOM Bank Hadi Hadi Taksitli Sağlık Kredisi ile Memorial harcamaların %0,99 vade farkına 3 taksit!",2026-08-10T13:45:46+00:00
466,,,3,,,Hadi Taksitli Kredi ile mobilya ve bisikletlerde PEŞİN FİYATINA 3 TAKSİT!,2026-08-10T13:45:46+00:00
467,,,10,0.0,Vade farksız (%0),Özel okul ödemelerinde vade farksız tam 10 taksit!,2026-08-10T13:45:46+00:00
469,,,3,,,"| TOM Bank Hadi Kampanya Tarihleri 26 Ocak - 30 Eylül 2026 Kampanya Detayları: Taksitli alışveriş limitini saniyeler içinde öğren, dilediğin akaryakıt istasyonunda harcamanı yap.",2026-08-10T13:45:46+00:00
471,,,3,0.0,Vade farksız (%0),Cep telefonlarında Çok Kazananlar Kulübü’ne Özel Taksitli Alışveriş Kredisi Vade Farksız 3 Taksit!,2026-08-10T13:45:46+00:00
472,,,,0.0,Vade farksız (%0),"| TOM Bank Hadi Kampanya Detayları: 1 Temmuz – 31 Aralık 2026 arasında, TOM Bank Çok Kazananlar Kulübü müşterilerine Hadi Veresiye ile yapılan tüm alışverişler vade farksız!",2026-08-10T13:45:46+00:00
473,1000.0,150000.0,,,,| TOM Bank Hadi 31.12.2026'ya kadar Hadi Taksitli Alışveriş Kredisi ile anlaşmalı Alfemo mobilya mağazalarından yapacağın mobilya alışverişlerinde vade farkı iade avantajı seni bekliyor!,2026-08-10T13:45:46+00:00
474,1000.0,150000.0,,,,| TOM Bank Hadi Kampanya Tarihleri 12 Mart - 31 Aralık 2026 31.12.2026'ya kadar Hadi Taksitli Alışveriş Kredisi ile anlaşmalı Divanev mobilya mağazalarından yapacağın mobilya alışverişlerinde vade farkı iade avantajı seni bekliyor!,2026-08-10T13:45:46+00:00
475,1000.0,150000.0,,,,| TOM Bank Hadi 31.12.2026'ya kadar Hadi Taksitli Alışveriş Kredisi ile anlaşmalı Doğtaş mobilya mağazalarından yapacağın mobilya alışverişlerinde vade farkı iade avantajı seni bekliyor!,2026-08-10T13:45:46+00:00
476,,,6,0.0,%0 vade farkı,| TOM Bank Hadi Hadi Kredi Kartlarınla 5.000 TL’ye kadar olan eczane harcamalarını %0 vade farkı ile 3 aya kadar sonradan taksitlendir.,2026-08-10T13:45:46+00:00
477,1000.0,150000.0,,,,| TOM Bank Hadi Kampanya Tarihleri 12 Mart - 31 Aralık 2026 31.12.2026'ya kadar Hadi Taksitli Alışveriş Kredisi ile anlaşmalı Enza Home mobilya mağazalarından yapacağın mobilya alışverişlerinde vade farkı iade avantajı seni bekliyor!,2026-08-10T13:45:46+00:00
478,1000.0,150000.0,,,,(ÖRN: KELEBEK 11111111111 01.01.1985) Hadi Taksitli Alışveriş Kredisi hakkında detaylı bilgi için tıklayın Kelebek hakkında detaylı bilgi almak için tıklayın Kampanya Hadi Taksitli Kredi limiti alışveriş tutarına yeterli olan müşteriler için geçerlidir.,2026-08-10T13:45:46+00:00
479,1000.0,150000.0,,,,| TOM Bank Hadi Kampanya Tarihleri 12 Mart - 31 Aralık 2026 31.12.2026'ya kadar Hadi Taksitli Alışveriş Kredisi ile anlaşmalı Puffy mobilya mağazalarından yapacağın mobilya alışverişlerinde vade farkı iade avantajı seni bekliyor!,2026-08-10T13:45:46+00:00
480,,,12,,,| TOM Bank Hadi 01.04.26-31.04.26 tarihleri arasında Hadi Alışveriş Kredisi ile Samsung S26 serisi cep telefonlarında peşin fiyatına 3 taksit fırsatı anlaşmalı Samsung mağazalarında seni bekliyor!,2026-08-10T13:45:46+00:00
481,,,6,0.0,%0 vade farkı,| TOM Bank Hadi Hadi Kredi Kartlarınla 50.000 TL’ye kadar olan sigorta ödemelerini %0 vade farkı ile 3 aya kadar sonradan taksitlendir.,2026-08-10T13:45:46+00:00
482,1000.0,150000.0,,,,| TOM Bank Hadi Kampanya Tarihleri 12 Mart - 31 Aralık 2026 31.12.2026'ya kadar Hadi Taksitli Alışveriş Kredisi ile anlaşmalı Yataş Bedding mobilya mağazalarından yapacağın mobilya alışverişlerinde vade farkı iade avantajı seni bekliyor!,2026-08-10T13:45:46+00:00
483,1000.0,150000.0,,,,,2026-08-10T13:45:46+00:00
484,,,12,,,TOM Bank Hadi Taksitli Alışveriş Kredisi ile Samsung cep telefonlarında 3 Taksit Fırsatı!,2026-08-10T13:45:46+00:00
487,,,3,,,Hadi Taksitli Kredi ile A101 Ekstra’da Tüm Ürünlerde Peşin Fiyatına 3 Taksit!,2026-08-10T13:45:46+00:00
488,,,3,,,Hadi Taksitli Kredi ile TV ve beyaz eşya kategorisinde Peşin Fiyatına 3 Taksit!🤩 (GEÇMİŞ KAMPANYA) | TOM Bank Hadi Kampanya Tarihleri 17 Mart - 31 Mart 2025 Kampanya Detayları Kampanya 17-31 Mart 2025 tarihleri arasında geçerlidir.,2026-08-10T13:45:46+00:00
490,1000.0,30000.0,3,0.0,Vade farksız (%0),Hadi Black Kredi Kartı ile MTV Ödemelerinde Vade Farksız 3 taksit fırsatını kaçırma!,2026-08-10T13:45:46+00:00
493,15000.0,49999.0,,,,,2026-08-10T13:45:46+00:00
504,,,6,,,Metatechtr’de Peşin Fiyatına 9 aya varan taksit ve 6.000 TL’ye varan ParafPara!,2026-08-10T13:45:46+00:00
505,15000.0,29999.0,,,,,2026-08-10T13:45:46+00:00
507,,,,0.0,Vade farksız (%0),Paraf ile A101’de Vade Farksız 6 Aya Varan Taksit Fırsatı!,2026-08-10T13:45:46+00:00
509,,,6,,,Paraf ile ADV Mağazalarında 6 Taksit!,2026-08-10T13:45:46+00:00
510,,,8,,,Paraf ile Alfemo’da 8 Taksit Fırsatı!,2026-08-10T13:45:46+00:00
511,,,6,,,Paraf ile Casper.com.tr'de Peşin Fiyatına 6 Taksit Fırsatı!,2026-08-10T13:45:46+00:00
512,,,12,,,Paraf ile Copa’da 12 Aya Varan Taksit!,2026-08-10T13:45:46+00:00
515,,,9,0.0,Vade farksız (%0),Paraf ile DemirDöküm'de 9 Taksit Fırsatı!,2026-08-10T13:45:46+00:00
516,,,4,,,Paraf ile Divarese’de 4 Taksit Fırsatı!,2026-08-10T13:45:46+00:00
519,,,6,,,Paraf ile Dyson’da 9 Aya Varan Taksit!,2026-08-10T13:45:46+00:00
520,,,4,,,Paraf ile Evidea’da 4 Taksit Fırsatı!,2026-08-10T13:45:46+00:00
521,,,9,0.0,Vade farksız (%0),Paraf ile Gürgençler’de Vade Farksız 9 Taksit Fırsatı!,2026-08-10T13:45:46+00:00
522,,,7,,,Paraf ile İder Mobilya’da 7 Taksite %15 İndirim Fırsatı!,2026-08-10T13:45:46+00:00
523,,,3,,,Paraf ile İncehesap.com'da Peşin Fiyatına 3 Taksit Fırsatı!,2026-08-10T13:45:46+00:00
524,,,4,,,Paraf ile İpekyol’da 4 Taksit Fırsatı!,2026-08-10T13:45:46+00:00
525,,,6,0.0,Vade farksız (%0),Paraf ile ITOPYA.COM'da Vade Farksız 6 Taksit!,2026-08-10T13:45:46+00:00
526,,,5,,,Paraf ile Kip’te 5 Taksit!,2026-08-10T13:45:46+00:00
527,,,5,,,Paraf ile Koçtaş’ta 5 Taksit!,2026-08-10T13:45:46+00:00
528,,,,0.0,Vade farksız (%0),Paraf ile Monster Notebook’ta Peşin Fiyatına 12 Aya Varan Taksit Fırsatı!,2026-08-10T13:45:46+00:00
529,,,3,,,Paraf ile n11'de Peşin Fiyatına 3 Aya Varan Taksit Fırsatı!,2026-08-10T13:45:46+00:00
530,,,4,,,Paraf ile Network’te 4 Taksit Fırsatı!,2026-08-10T13:45:46+00:00
531,,,4,,,Paraf ile Nocturne’de 4 Taksit!,2026-08-10T13:45:46+00:00
532,,,6,0.0,Vade farksız (%0),Paraf ile Pazarama’da Peşin Fiyatına 6 Taksit!,2026-08-10T13:45:46+00:00
533,,,3,,,Paraf ile Porland’da Peşin Fiyatına 3 Taksit!,2026-08-10T13:45:46+00:00
534,,,5,,,Paraf ile Ramsey’de 5 Taksit Fırsatı!,2026-08-10T13:45:46+00:00
535,,,9,0.0,Vade farksız (%0),Paraf ile Schafer’de Peşin Fiyatına 9 Taksit!,2026-08-10T13:45:46+00:00
538,,,9,,,Paraf ile Touristica.com.tr’de Peşin Fiyatına 9 Taksit!,2026-08-10T13:45:46+00:00
539,,,9,,,Paraf ile Trendyol'da Peşin Fiyatına 9 Taksit Fırsatı!,2026-08-10T13:45:46+00:00
540,,,4,,,Paraf ile Twist’te 4 Taksit!,2026-08-10T13:45:46+00:00
541,,,,0.0,Vade farksız (%0),Paraf ile Vaillant’ta 9 Aya Varan Taksit!,2026-08-10T13:45:46+00:00
542,,,,0.0,Vade farksız (%0),Paraf ile Vatan’da Peşin Fiyatına 6 Aya Varan Taksit Fırsatı!,2026-08-10T13:45:46+00:00
543,,,7,,,Paraf ile Vestel’de 9 Aya Varan Taksit Fırsatı!,2026-08-10T13:45:46+00:00
544,,,5,,,Paraf ile Vivense’de 5 Taksit Fırsatı!,2026-08-10T13:45:46+00:00
545,,,4,,,Paraf ile Yargıcı Mağazalarında 4 Taksit Fırsatı!,2026-08-10T13:45:46+00:00
546,,,8,,,Paraf ile Yataş’ta 8 Taksit Fırsatı!,2026-08-10T13:45:46+00:00
547,,,12,,,Paraf ile Yenilio’da 12 Aya Varan Taksit Fırsatı!,2026-08-10T13:45:46+00:00
548,,,6,,,Paraf ile Zsa Zsa Zsu Mağazalarında Peşin Fiyatına 6 Taksit!,2026-08-10T13:45:46+00:00
549,,,3,,,"Paraf'a Özel Yolcu360'ta Yurt İçi Araç Kiralamalarına Net %10 İndirim, Üstelik Peşin Fiyatına 3 Taksit 31 Ağustos 2026 tarihine kadar, Paraf kredi kartlarına özel yurt içi araç kiralamalarında net 10% indirim, üstelik peşin fiyatına 3 taksit fırsatı.",2026-08-10T13:45:46+00:00
553,,,,0.0,Vade farksız (%0),Troy Apple’da vade farksız 5 aya varan taksit 31 Ağustos 2026 tarihine kadar Troy Apple mağazaları veya www.troyestore.com’de Paraf POS’undan yapılacak taksitli alışverişlerde vade farksız 5 aya varan taksit imkanı sunulacaktır.,2026-08-10T13:45:46+00:00
555,5000.0,19999.0,,,,,2026-08-10T13:45:46+00:00
