id,product_id,maturity_months,profit_share_rate,allocation_fee_rate,monthly_total_cost_rate,annual_total_cost_rate,source_text,updated_at,pricing_variant,financing_amount
3411,566,12,4.52,,8.072,96.8644,"10.000 TL | 12 Ay | %4,52 | 1.169,99 TL | 86,30 TL | %8,0720 | %96,8644",2026-08-12T11:10:22+00:00,Standart,
3412,603,12,4.82,,8.7868,105.4413,"10.000 TL | 12 Ay | 4,82 % | 1.194,41 TL | 86,30 TL | 8,7868% | 105,4413%",2026-08-12T11:10:22+00:00,Standart,
3413,604,12,4.82,,8.7868,105.4413,"10,000 TL | 12 Ay | 4,82 % | 1.194,41 TL | 86,30 TL | 8,7868 % | 105,4413 %",2026-08-12T11:10:22+00:00,Standart,
3414,607,12,4.82,,8.7868,105.4413,"10.000 TL | 12 Ay | 4,82 % | 1.194,41 TL | 86,30 TL | 8,7868% | 105,4413%",2026-08-12T11:10:22+00:00,Standart,
3415,608,12,4.82,,8.7868,105.4413,"10.000 TL | 12 Ay | 4,82 % | 1.150,63 TL | 86,30 TL | 8,7868 % | 105,4413%",2026-08-12T11:10:22+00:00,Standart,
3416,609,6,4.25,0.0,5.53,90.66,6 | %4.25 | %0 | %5.53 | %90.66,2026-08-12T11:10:22+00:00,Maliyet Tablosu,
3417,609,12,4.25,0.0,5.53,90.66,12 | %4.25 | %0 | %5.53 | %90.66,2026-08-12T11:10:22+00:00,Maliyet Tablosu,
3418,609,18,4.25,0.0,5.53,90.77,18 | %4.25 | %0 | %5.53 | %90.77,2026-08-12T11:10:22+00:00,Maliyet Tablosu,
3807,616,3,3.67,0.5,5.07,81.11,"3 | 3,67% | 0,50% | 5,07% | 81,11%",2026-08-13T11:10:38+00:00,Sigortalı · 0 km,
3808,616,6,3.67,0.5,4.95,78.49,"6 | 3,67% | 0,50% | 4,95% | 78,49%",2026-08-13T11:10:38+00:00,Sigortalı · 0 km,
3809,616,12,3.63,0.5,4.81,75.81,"12 | 3,63% | 0,50% | 4,81% | 75,81%",2026-08-13T11:10:38+00:00,Sigortalı · 0 km,
3810,616,18,3.56,0.5,4.7,73.61,"18 | 3,56% | 0,50% | 4,70% | 73,61%",2026-08-13T11:10:38+00:00,Sigortalı · 0 km,
3811,616,24,3.52,0.5,4.64,72.24,"24 | 3,52% | 0,50% | 4,64% | 72,24%",2026-08-13T11:10:38+00:00,Sigortalı · 0 km,
3812,616,36,3.48,0.5,4.57,70.88,"36 | 3,48% | 0,50% | 4,57% | 70,88%",2026-08-13T11:10:38+00:00,Sigortalı · 0 km,
3813,616,48,3.42,0.5,4.48,69.16,"48 | 3,42% | 0,50% | 4,48% | 69,16%",2026-08-13T11:10:38+00:00,Sigortalı · 0 km,
3814,616,3,3.67,0.5,5.07,81.11,"3 | 3,67% | 0,50% | 5,07% | 81,11%",2026-08-13T11:10:38+00:00,Sigortalı · 2. El,
3815,616,6,3.67,0.5,4.95,78.49,"6 | 3,67% | 0,50% | 4,95% | 78,49%",2026-08-13T11:10:38+00:00,Sigortalı · 2. El,
3816,616,12,3.63,0.5,4.81,75.81,"12 | 3,63% | 0,50% | 4,81% | 75,81%",2026-08-13T11:10:38+00:00,Sigortalı · 2. El,
3817,616,18,3.56,0.5,4.7,73.61,"18 | 3,56% | 0,50% | 4,70% | 73,61%",2026-08-13T11:10:38+00:00,Sigortalı · 2. El,
3818,616,24,3.52,0.5,4.64,72.24,"24 | 3,52% | 0,50% | 4,64% | 72,24%",2026-08-13T11:10:38+00:00,Sigortalı · 2. El,
3819,616,36,3.48,0.5,4.57,70.88,"36 | 3,48% | 0,50% | 4,57% | 70,88%",2026-08-13T11:10:38+00:00,Sigortalı · 2. El,
3820,616,48,3.42,0.5,4.48,69.16,"48 | 3,42% | 0,50% | 4,48% | 69,16%",2026-08-13T11:10:38+00:00,Sigortalı · 2. El,
3821,616,3,4.27,0.5,5.86,97.99,"3 | 4,27% | 0,50% | 5,86% | 97,99%",2026-08-13T11:10:38+00:00,Sigortasız · 0 km,
3822,616,6,4.27,0.5,5.73,95.13,"6 | 4,27% | 0,50% | 5,73% | 95,13%",2026-08-13T11:10:38+00:00,Sigortasız · 0 km,
3823,616,12,4.23,0.5,5.6,92.21,"12 | 4,23% | 0,50% | 5,60% | 92,21%",2026-08-13T11:10:38+00:00,Sigortasız · 0 km,
3824,616,18,4.16,0.5,5.49,89.83,"18 | 4,16% | 0,50% | 5,49% | 89,83%",2026-08-13T11:10:38+00:00,Sigortasız · 0 km,
3825,616,24,4.12,0.5,5.42,88.35,"24 | 4,12% | 0,50% | 5,42% | 88,35%",2026-08-13T11:10:38+00:00,Sigortasız · 0 km,
3826,616,36,4.08,0.5,5.35,86.88,"36 | 4,08% | 0,50% | 5,35% | 86,88%",2026-08-13T11:10:38+00:00,Sigortasız · 0 km,
3827,616,48,4.02,0.5,5.26,85.01,"48 | 4,02% | 0,50% | 5,26% | 85,01%",2026-08-13T11:10:38+00:00,Sigortasız · 0 km,
3828,616,3,4.27,0.5,5.86,97.99,"3 | 4,27% | 0,50% | 5,86% | 97,99%",2026-08-13T11:10:38+00:00,Sigortasız · 2. El,
3829,616,6,4.27,0.5,5.73,95.13,"6 | 4,27% | 0,50% | 5,73% | 95,13%",2026-08-13T11:10:38+00:00,Sigortasız · 2. El,
3830,616,12,4.23,0.5,5.6,92.21,"12 | 4,23% | 0,50% | 5,60% | 92,21%",2026-08-13T11:10:38+00:00,Sigortasız · 2. El,
3831,616,18,4.16,0.5,5.49,89.83,"18 | 4,16% | 0,50% | 5,49% | 89,83%",2026-08-13T11:10:38+00:00,Sigortasız · 2. El,
3832,616,24,4.12,0.5,5.42,88.35,"24 | 4,12% | 0,50% | 5,42% | 88,35%",2026-08-13T11:10:38+00:00,Sigortasız · 2. El,
3833,616,36,4.08,0.5,5.35,86.88,"36 | 4,08% | 0,50% | 5,35% | 86,88%",2026-08-13T11:10:38+00:00,Sigortasız · 2. El,
3834,616,48,4.02,0.5,5.26,85.01,"48 | 4,02% | 0,50% | 5,26% | 85,01%",2026-08-13T11:10:38+00:00,Sigortasız · 2. El,
3835,617,3,3.67,0.5,5.07,81.11,"3 | 3,67% | 0,50% | 5,07% | 81,11%",2026-08-13T11:10:38+00:00,Sigortalı,
3836,617,6,3.67,0.5,4.95,78.49,"6 | 3,67% | 0,50% | 4,95% | 78,49%",2026-08-13T11:10:38+00:00,Sigortalı,
3837,617,12,3.63,0.5,4.81,75.81,"12 | 3,63% | 0,50% | 4,81% | 75,81%",2026-08-13T11:10:38+00:00,Sigortalı,
3838,617,18,3.56,0.5,4.7,73.61,"18 | 3,56% | 0,50% | 4,70% | 73,61%",2026-08-13T11:10:38+00:00,Sigortalı,
3839,617,24,3.52,0.5,4.64,72.24,"24 | 3,52% | 0,50% | 4,64% | 72,24%",2026-08-13T11:10:38+00:00,Sigortalı,
3840,617,36,3.48,0.5,4.57,70.88,"36 | 3,48% | 0,50% | 4,57% | 70,88%",2026-08-13T11:10:38+00:00,Sigortalı,
3841,617,48,3.42,0.5,4.48,69.16,"48 | 3,42% | 0,50% | 4,48% | 69,16%",2026-08-13T11:10:38+00:00,Sigortalı,
3842,617,3,4.27,0.5,5.86,97.99,"3 | 4,27% | 0,50% | 5,86% | 97,99%",2026-08-13T11:10:38+00:00,Sigortasız,
3843,617,6,4.27,0.5,5.73,95.13,"6 | 4,27% | 0,50% | 5,73% | 95,13%",2026-08-13T11:10:38+00:00,Sigortasız,
3844,617,12,4.23,0.5,5.6,92.21,"12 | 4,23% | 0,50% | 5,60% | 92,21%",2026-08-13T11:10:38+00:00,Sigortasız,
3845,617,18,4.16,0.5,5.49,89.83,"18 | 4,16% | 0,50% | 5,49% | 89,83%",2026-08-13T11:10:38+00:00,Sigortasız,
3846,617,24,4.12,0.5,5.42,88.35,"24 | 4,12% | 0,50% | 5,42% | 88,35%",2026-08-13T11:10:38+00:00,Sigortasız,
3847,617,36,4.08,0.5,5.35,86.88,"36 | 4,08% | 0,50% | 5,35% | 86,88%",2026-08-13T11:10:38+00:00,Sigortasız,
3848,617,48,4.02,0.5,5.26,85.01,"48 | 4,02% | 0,50% | 5,26% | 85,01%",2026-08-13T11:10:38+00:00,Sigortasız,
3849,618,12,4.49,0.5,5.96,100.21,12 Ay | 4.49% | 0.50% | 5.96% | 100.21%,2026-08-13T11:10:38+00:00,Taksitli Ticari Araç / Taşıt Finansmanı (Taksitli Ticari Taşıt Kredisi)* Maliyet Tablosu,
3850,618,24,4.49,0.5,5.91,99.11,24 Ay | 4.49% | 0.50% | 5.91% | 99.11%,2026-08-13T11:10:38+00:00,Taksitli Ticari Araç / Taşıt Finansmanı (Taksitli Ticari Taşıt Kredisi)* Maliyet Tablosu,
3851,618,36,4.49,0.5,5.89,98.75,36 Ay | 4.49% | 0.50% | 5.89% | 98.75%,2026-08-13T11:10:38+00:00,Taksitli Ticari Araç / Taşıt Finansmanı (Taksitli Ticari Taşıt Kredisi)* Maliyet Tablosu,
3852,618,48,4.49,0.5,5.88,98.59,48 Ay | 4.49% | 0.50% | 5.88% | 98.59%,2026-08-13T11:10:38+00:00,Taksitli Ticari Araç / Taşıt Finansmanı (Taksitli Ticari Taşıt Kredisi)* Maliyet Tablosu,
3853,619,3,3.67,0.5,5.07,81.11,"3 | 3,67% | 0,50% | 5,07% | 81,11%",2026-08-13T11:10:38+00:00,Sigortalı · 0 km,
3854,619,6,3.67,0.5,4.95,78.49,"6 | 3,67% | 0,50% | 4,95% | 78,49%",2026-08-13T11:10:38+00:00,Sigortalı · 0 km,
3855,619,12,3.63,0.5,4.81,75.81,"12 | 3,63% | 0,50% | 4,81% | 75,81%",2026-08-13T11:10:38+00:00,Sigortalı · 0 km,
3856,619,18,3.56,0.5,4.7,73.61,"18 | 3,56% | 0,50% | 4,70% | 73,61%",2026-08-13T11:10:38+00:00,Sigortalı · 0 km,
3857,619,24,3.52,0.5,4.64,72.24,"24 | 3,52% | 0,50% | 4,64% | 72,24%",2026-08-13T11:10:38+00:00,Sigortalı · 0 km,
3858,619,36,3.48,0.5,4.57,70.88,"36 | 3,48% | 0,50% | 4,57% | 70,88%",2026-08-13T11:10:38+00:00,Sigortalı · 0 km,
3859,619,48,3.42,0.5,4.48,69.16,"48 | 3,42% | 0,50% | 4,48% | 69,16%",2026-08-13T11:10:38+00:00,Sigortalı · 0 km,
3860,619,3,3.67,0.5,5.07,81.11,"3 | 3,67% | 0,50% | 5,07% | 81,11%",2026-08-13T11:10:38+00:00,Sigortalı · 2. El,
3861,619,6,3.67,0.5,4.95,78.49,"6 | 3,67% | 0,50% | 4,95% | 78,49%",2026-08-13T11:10:38+00:00,Sigortalı · 2. El,
3862,619,12,3.63,0.5,4.81,75.81,"12 | 3,63% | 0,50% | 4,81% | 75,81%",2026-08-13T11:10:38+00:00,Sigortalı · 2. El,
3863,619,18,3.56,0.5,4.7,73.61,"18 | 3,56% | 0,50% | 4,70% | 73,61%",2026-08-13T11:10:38+00:00,Sigortalı · 2. El,
3864,619,24,3.52,0.5,4.64,72.24,"24 | 3,52% | 0,50% | 4,64% | 72,24%",2026-08-13T11:10:38+00:00,Sigortalı · 2. El,
3865,619,36,3.48,0.5,4.57,70.88,"36 | 3,48% | 0,50% | 4,57% | 70,88%",2026-08-13T11:10:38+00:00,Sigortalı · 2. El,
3866,619,48,3.42,0.5,4.48,69.16,"48 | 3,42% | 0,50% | 4,48% | 69,16%",2026-08-13T11:10:38+00:00,Sigortalı · 2. El,
3867,619,3,4.27,0.5,5.86,97.99,"3 | 4,27% | 0,50% | 5,86% | 97,99%",2026-08-13T11:10:38+00:00,Sigortasız · 0 km,
3868,619,6,4.27,0.5,5.73,95.13,"6 | 4,27% | 0,50% | 5,73% | 95,13%",2026-08-13T11:10:38+00:00,Sigortasız · 0 km,
3869,619,12,4.23,0.5,5.6,92.21,"12 | 4,23% | 0,50% | 5,60% | 92,21%",2026-08-13T11:10:38+00:00,Sigortasız · 0 km,
3870,619,18,4.16,0.5,5.49,89.83,"18 | 4,16% | 0,50% | 5,49% | 89,83%",2026-08-13T11:10:38+00:00,Sigortasız · 0 km,
3871,619,24,4.12,0.5,5.42,88.35,"24 | 4,12% | 0,50% | 5,42% | 88,35%",2026-08-13T11:10:38+00:00,Sigortasız · 0 km,
3872,619,36,4.08,0.5,5.35,86.88,"36 | 4,08% | 0,50% | 5,35% | 86,88%",2026-08-13T11:10:38+00:00,Sigortasız · 0 km,
3873,619,48,4.02,0.5,5.26,85.01,"48 | 4,02% | 0,50% | 5,26% | 85,01%",2026-08-13T11:10:38+00:00,Sigortasız · 0 km,
3874,619,3,4.27,0.5,5.86,97.99,"3 | 4,27% | 0,50% | 5,86% | 97,99%",2026-08-13T11:10:38+00:00,Sigortasız · 2. El,
3875,619,6,4.27,0.5,5.73,95.13,"6 | 4,27% | 0,50% | 5,73% | 95,13%",2026-08-13T11:10:38+00:00,Sigortasız · 2. El,
3876,619,12,4.23,0.5,5.6,92.21,"12 | 4,23% | 0,50% | 5,60% | 92,21%",2026-08-13T11:10:38+00:00,Sigortasız · 2. El,
3877,619,18,4.16,0.5,5.49,89.83,"18 | 4,16% | 0,50% | 5,49% | 89,83%",2026-08-13T11:10:38+00:00,Sigortasız · 2. El,
3878,619,24,4.12,0.5,5.42,88.35,"24 | 4,12% | 0,50% | 5,42% | 88,35%",2026-08-13T11:10:38+00:00,Sigortasız · 2. El,
3879,619,36,4.08,0.5,5.35,86.88,"36 | 4,08% | 0,50% | 5,35% | 86,88%",2026-08-13T11:10:38+00:00,Sigortasız · 2. El,
3880,619,48,4.02,0.5,5.26,85.01,"48 | 4,02% | 0,50% | 5,26% | 85,01%",2026-08-13T11:10:38+00:00,Sigortasız · 2. El,
3881,620,12,4.49,0.5,5.96,100.21,12 Ay | 4.49% | 0.50% | 5.96% | 100.21%,2026-08-13T11:10:38+00:00,Ticari Hat / Ticari Plaka Finansman (Ticari Hat / Ticari Plaka Kredisi)* Maliyet Tablosu,
3882,620,24,4.49,0.5,5.91,99.11,24 Ay | 4.49% | 0.50% | 5.91% | 99.11%,2026-08-13T11:10:38+00:00,Ticari Hat / Ticari Plaka Finansman (Ticari Hat / Ticari Plaka Kredisi)* Maliyet Tablosu,
3883,620,36,4.49,0.5,5.89,98.75,36 Ay | 4.49% | 0.50% | 5.89% | 98.75%,2026-08-13T11:10:38+00:00,Ticari Hat / Ticari Plaka Finansman (Ticari Hat / Ticari Plaka Kredisi)* Maliyet Tablosu,
3884,620,48,4.49,0.5,5.88,98.59,48 Ay | 4.49% | 0.50% | 5.88% | 98.59%,2026-08-13T11:10:38+00:00,Ticari Hat / Ticari Plaka Finansman (Ticari Hat / Ticari Plaka Kredisi)* Maliyet Tablosu,
3885,621,3,4.67,0.5,19.24,726.26,"3 | 4,67% | 0,50% | 19,24% | 726,26%",2026-08-13T11:10:38+00:00,Sigortalı,
3886,621,6,4.63,0.5,13.66,365.04,"6 | 4,63% | 0,50% | 13,66% | 365,04%",2026-08-13T11:10:38+00:00,Sigortalı,
3887,621,12,4.48,0.5,10.16,219.52,"12 | 4,48% | 0,50% | 10,16% | 219,52%",2026-08-13T11:10:38+00:00,Sigortalı,
3888,621,18,4.44,0.5,8.93,179.11,"18 | 4,44% | 0,50% | 8,93% | 179,11%",2026-08-13T11:10:38+00:00,Sigortalı,
3889,621,24,4.4,0.5,8.28,159.71,"24 | 4,40% | 0,50% | 8,28% | 159,71%",2026-08-13T11:10:38+00:00,Sigortalı,
3890,621,36,4.29,0.5,7.55,139.5,"36 | 4,29% | 0,50% | 7,55% | 139,50%",2026-08-13T11:10:38+00:00,Sigortalı,
3891,621,48,4.25,0.5,7.22,130.97,"48 | 4,25% | 0,50% | 7,22% | 130,97%",2026-08-13T11:10:38+00:00,Sigortalı,
3892,621,59,4.06,0.5,6.8,120.24,"59 | 4,06% | 0,50% | 6,80% | 120,24%",2026-08-13T11:10:38+00:00,Sigortalı,
3893,621,60,3.8,0.5,6.4,110.44,"60 | 3,80% | 0,50% | 6,40% | 110,44%",2026-08-13T11:10:38+00:00,Sigortalı,
3894,621,3,4.92,0.5,19.62,758.45,"3 | 4,92% | 0,50% | 19,62% | 758,45%",2026-08-13T11:10:38+00:00,Sigortasız,
3895,621,6,4.88,0.5,14.04,383.58,"6 | 4,88% | 0,50% | 14,04% | 383,58%",2026-08-13T11:10:38+00:00,Sigortasız,
3896,621,12,4.73,0.5,10.53,232.54,"12 | 4,73% | 0,50% | 10,53% | 232,54%",2026-08-13T11:10:38+00:00,Sigortasız,
3897,621,18,4.69,0.5,9.3,190.66,"18 | 4,69% | 0,50% | 9,30% | 190,66%",2026-08-13T11:10:38+00:00,Sigortasız,
3898,621,24,4.65,0.5,8.65,170.59,"24 | 4,65% | 0,50% | 8,65% | 170,59%",2026-08-13T11:10:38+00:00,Sigortasız,
3899,621,36,4.54,0.5,7.93,149.77,"36 | 4,54% | 0,50% | 7,93% | 149,77%",2026-08-13T11:10:38+00:00,Sigortasız,
3900,621,48,4.5,0.5,7.61,141.07,"48 | 4,50% | 0,50% | 7,61% | 141,07%",2026-08-13T11:10:38+00:00,Sigortasız,
3901,621,59,4.31,0.5,7.19,130.02,"59 | 4,31% | 0,50% | 7,19% | 130,02%",2026-08-13T11:10:38+00:00,Sigortasız,
3902,621,60,4.05,0.5,6.78,119.8,"60 | 4,05% | 0,50% | 6,78% | 119,80%",2026-08-13T11:10:38+00:00,Sigortasız,
3903,622,3,3.96,0.5,16.66,535.27,"3 | 3,96% | 0,50% | 16,66% | 535,27%",2026-08-13T11:10:38+00:00,İlk Konut · Sigortalı,
3904,622,6,3.92,0.5,11.21,257.86,"6 | 3,92% | 0,50% | 11,21% | 257,86%",2026-08-13T11:10:38+00:00,İlk Konut · Sigortalı,
3905,622,12,3.77,0.5,7.81,146.69,"12 | 3,77% | 0,50% | 7,81% | 146,69%",2026-08-13T11:10:38+00:00,İlk Konut · Sigortalı,
3906,622,18,3.73,0.5,6.6,115.39,"18 | 3,73% | 0,50% | 6,60% | 115,39%",2026-08-13T11:10:38+00:00,İlk Konut · Sigortalı,
3907,622,24,3.69,0.5,5.96,100.3,"24 | 3,69% | 0,50% | 5,96% | 100,30%",2026-08-13T11:10:38+00:00,İlk Konut · Sigortalı,
3908,622,36,3.58,0.5,5.24,84.67,"36 | 3,58% | 0,50% | 5,24% | 84,67%",2026-08-13T11:10:38+00:00,İlk Konut · Sigortalı,
3909,622,48,3.54,0.5,4.91,77.66,"48 | 3,54% | 0,50% | 4,91% | 77,66%",2026-08-13T11:10:38+00:00,İlk Konut · Sigortalı,
3910,622,59,3.35,0.5,4.53,70.15,"59 | 3,35% | 0,50% | 4,53% | 70,15%",2026-08-13T11:10:38+00:00,İlk Konut · Sigortalı,
3911,622,72,3.09,0.5,4.11,62.22,"72 | 3,09% | 0,50% | 4,11% | 62,22%",2026-08-13T11:10:38+00:00,İlk Konut · Sigortalı,
3912,622,120,2.95,0.5,3.76,55.66,"120 | 2,95% | 0,50% | 3,76% | 55,66%",2026-08-13T11:10:38+00:00,İlk Konut · Sigortalı,
3913,622,3,4.42,0.5,17.19,571.27,"3 | 4,42% | 0,50% | 17,19% | 571,27%",2026-08-13T11:10:38+00:00,İlk Konut · Sigortasız,
3914,622,6,4.38,0.5,11.73,278.57,"6 | 4,38% | 0,50% | 11,73% | 278,57%",2026-08-13T11:10:38+00:00,İlk Konut · Sigortasız,
3915,622,12,4.23,0.5,8.33,161.24,"12 | 4,23% | 0,50% | 8,33% | 161,24%",2026-08-13T11:10:38+00:00,İlk Konut · Sigortasız,
3916,622,18,4.19,0.5,7.12,128.24,"18 | 4,19% | 0,50% | 7,12% | 128,24%",2026-08-13T11:10:38+00:00,İlk Konut · Sigortasız,
3917,622,24,4.15,0.5,6.48,112.36,"24 | 4,15% | 0,50% | 6,48% | 112,36%",2026-08-13T11:10:38+00:00,İlk Konut · Sigortasız,
3918,622,36,4.04,0.5,5.77,95.98,"36 | 4,04% | 0,50% | 5,77% | 95,98%",2026-08-13T11:10:38+00:00,İlk Konut · Sigortasız,
3919,622,48,4.0,0.5,5.43,88.7,"48 | 4,00% | 0,50% | 5,43% | 88,70%",2026-08-13T11:10:38+00:00,İlk Konut · Sigortasız,
3920,622,59,3.81,0.5,5.06,80.85,"59 | 3,81% | 0,50% | 5,06% | 80,85%",2026-08-13T11:10:38+00:00,İlk Konut · Sigortasız,
3921,622,72,3.55,0.5,4.65,72.54,"72 | 3,55% | 0,50% | 4,65% | 72,54%",2026-08-13T11:10:38+00:00,İlk Konut · Sigortasız,
3922,622,120,3.41,0.5,4.31,65.94,"120 | 3,41% | 0,50% | 4,31% | 65,94%",2026-08-13T11:10:38+00:00,İlk Konut · Sigortasız,
3923,622,3,3.96,0.5,17.41,586.13,"3 | 3,96% | 0,50% | 17,41% | 586,13%",2026-08-13T11:10:38+00:00,Mevcut Konut · Sigortalı,
3924,622,6,3.92,0.5,11.91,285.87,"6 | 3,92% | 0,50% | 11,91% | 285,87%",2026-08-13T11:10:38+00:00,Mevcut Konut · Sigortalı,
3925,622,12,3.77,0.5,8.47,165.23,"12 | 3,77% | 0,50% | 8,47% | 165,23%",2026-08-13T11:10:38+00:00,Mevcut Konut · Sigortalı,
3926,622,18,3.73,0.5,7.24,131.45,"18 | 3,73% | 0,50% | 7,24% | 131,45%",2026-08-13T11:10:38+00:00,Mevcut Konut · Sigortalı,
3927,622,24,3.69,0.5,6.59,115.14,"24 | 3,69% | 0,50% | 6,59% | 115,14%",2026-08-13T11:10:38+00:00,Mevcut Konut · Sigortalı,
3928,622,36,3.58,0.5,5.86,98.12,"36 | 3,58% | 0,50% | 5,86% | 98,12%",2026-08-13T11:10:38+00:00,Mevcut Konut · Sigortalı,
3929,622,48,3.54,0.5,5.52,90.61,"48 | 3,54% | 0,50% | 5,52% | 90,61%",2026-08-13T11:10:38+00:00,Mevcut Konut · Sigortalı,
3930,622,59,3.35,0.5,5.12,81.99,"59 | 3,35% | 0,50% | 5,12% | 81,99%",2026-08-13T11:10:38+00:00,Mevcut Konut · Sigortalı,
3931,622,72,3.09,0.5,4.66,72.74,"72 | 3,09% | 0,50% | 4,66% | 72,74%",2026-08-13T11:10:38+00:00,Mevcut Konut · Sigortalı,
3932,622,120,2.95,0.5,4.29,65.61,"120 | 2,95% | 0,50% | 4,29% | 65,61%",2026-08-13T11:10:38+00:00,Mevcut Konut · Sigortalı,
3933,622,3,4.42,0.5,18.03,630.77,"3 | 4,42% | 0,50% | 18,03% | 630,77%",2026-08-13T11:10:38+00:00,Mevcut Konut · Sigortasız,
3934,622,6,4.38,0.5,12.51,311.53,"6 | 4,38% | 0,50% | 12,51% | 311,53%",2026-08-13T11:10:38+00:00,Mevcut Konut · Sigortasız,
3935,622,12,4.23,0.5,9.06,183.23,"12 | 4,23% | 0,50% | 9,06% | 183,23%",2026-08-13T11:10:38+00:00,Mevcut Konut · Sigortasız,
3936,622,18,4.19,0.5,7.84,147.35,"18 | 4,19% | 0,50% | 7,84% | 147,35%",2026-08-13T11:10:38+00:00,Mevcut Konut · Sigortasız,
3937,622,24,4.15,0.5,7.19,130.08,"24 | 4,15% | 0,50% | 7,19% | 130,08%",2026-08-13T11:10:38+00:00,Mevcut Konut · Sigortasız,
3938,622,36,4.04,0.5,6.47,112.14,"36 | 4,04% | 0,50% | 6,47% | 112,14%",2026-08-13T11:10:38+00:00,Mevcut Konut · Sigortasız,
3939,622,48,4.0,0.5,6.14,104.32,"48 | 4,00% | 0,50% | 6,14% | 104,32%",2026-08-13T11:10:38+00:00,Mevcut Konut · Sigortasız,
3940,622,59,3.81,0.5,5.73,95.26,"59 | 3,81% | 0,50% | 5,73% | 95,26%",2026-08-13T11:10:38+00:00,Mevcut Konut · Sigortasız,
3941,622,72,3.55,0.5,5.28,85.5,"72 | 3,55% | 0,50% | 5,28% | 85,50%",2026-08-13T11:10:38+00:00,Mevcut Konut · Sigortasız,
3942,622,120,3.41,0.5,4.94,78.32,"120 | 3,41% | 0,50% | 4,94% | 78,32%",2026-08-13T11:10:38+00:00,Mevcut Konut · Sigortasız,
3943,625,3,4.2,0.5,5.77,96.05,"3 | 4,20% | 0,50% | 5,77% | 96,05%",2026-08-13T11:10:38+00:00,Sigortalı,
3944,625,12,4.15,0.5,5.5,90.09,"12 | 4,15% | 0,50% | 5,50% | 90,09%",2026-08-13T11:10:38+00:00,Sigortalı,
3945,625,18,4.1,0.5,5.4,88.07,"18 | 4,10% | 0,50% | 5,40% | 88,07%",2026-08-13T11:10:38+00:00,Sigortalı,
3946,625,24,4.05,0.5,5.33,86.37,"24 | 4,05% | 0,50% | 5,33% | 86,37%",2026-08-13T11:10:38+00:00,Sigortalı,
3947,625,35,4.0,0.5,5.25,84.71,"35 | 4,00% | 0,50% | 5,25% | 84,71%",2026-08-13T11:10:38+00:00,Sigortalı,
3948,625,36,3.8,0.5,4.98,79.27,"36 | 3,80% | 0,50% | 4,98% | 79,27%",2026-08-13T11:10:38+00:00,Sigortalı,
3949,625,3,6.1,0.5,8.25,158.9,"3 | 6,10% | 0,50% | 8,25% | 158,90%",2026-08-13T11:10:38+00:00,Sigortasız,
3950,625,12,6.05,0.5,7.98,151.15,"12 | 6,05% | 0,50% | 7,98% | 151,15%",2026-08-13T11:10:38+00:00,Sigortasız,
3951,625,18,6.0,0.5,7.88,148.55,"18 | 6,00% | 0,50% | 7,88% | 148,55%",2026-08-13T11:10:38+00:00,Sigortasız,
3952,625,24,5.95,0.5,7.8,146.37,"24 | 5,95% | 0,50% | 7,80% | 146,37%",2026-08-13T11:10:38+00:00,Sigortasız,
3953,625,35,5.9,0.5,7.73,144.25,"35 | 5,90% | 0,50% | 7,73% | 144,25%",2026-08-13T11:10:38+00:00,Sigortasız,
3954,625,36,5.7,0.5,7.46,137.22,"36 | 5,70% | 0,50% | 7,46% | 137,22%",2026-08-13T11:10:38+00:00,Sigortasız,
3955,626,3,4.29,0.5,5.89,98.67,"3 | 4,29% | 0,50% | 5,89% | 98,67%",2026-08-13T11:10:38+00:00,eXtra Limit Maliyet Tablosu,
3956,626,12,4.19,0.5,5.55,91.22,"12 | 4,19% | 0,50% | 5,55% | 91,22%",2026-08-13T11:10:38+00:00,eXtra Limit Maliyet Tablosu,
3957,626,24,4.14,0.5,5.44,88.88,"24 | 4,14% | 0,50% | 5,44% | 88,88%",2026-08-13T11:10:38+00:00,eXtra Limit Maliyet Tablosu,
3958,626,36,4.09,0.5,5.36,87.18,"36 | 4,09% | 0,50% | 5,36% | 87,18%",2026-08-13T11:10:38+00:00,eXtra Limit Maliyet Tablosu,
3959,627,3,6.1,0.5,8.25,158.9,"3 | 6,10% | 0,50% | 8,25% | 158,90%",2026-08-13T11:10:38+00:00,Sigortasız,
3960,627,12,6.05,0.5,7.98,151.15,"12 | 6,05% | 0,50% | 7,98% | 151,15%",2026-08-13T11:10:38+00:00,Sigortasız,
3961,627,18,6.0,0.5,7.88,148.55,"18 | 6,00% | 0,50% | 7,88% | 148,55%",2026-08-13T11:10:38+00:00,Sigortasız,
3962,627,24,5.95,0.5,7.8,146.37,"24 | 5,95% | 0,50% | 7,80% | 146,37%",2026-08-13T11:10:38+00:00,Sigortasız,
3963,627,35,5.9,0.5,7.73,144.25,"35 | 5,90% | 0,50% | 7,73% | 144,25%",2026-08-13T11:10:38+00:00,Sigortasız,
3964,627,36,5.7,0.5,7.46,137.22,"36 | 5,70% | 0,50% | 7,46% | 137,22%",2026-08-13T11:10:38+00:00,Sigortasız,
3965,627,3,4.2,0.5,5.77,96.05,"3 | %4,20 | %0,50 | %5,77 | %96,05",2026-08-13T11:10:38+00:00,Sigortalı,
3966,627,12,4.15,0.5,5.5,90.09,"12 | %4,15 | %0,50 | %5,50 | %90,09",2026-08-13T11:10:38+00:00,Sigortalı,
3967,627,18,4.1,0.5,5.4,88.07,"18 | %4,10 | %0,50 | %5,40 | %88,07",2026-08-13T11:10:38+00:00,Sigortalı,
3968,627,24,4.05,0.5,5.33,86.37,"24 | %4,05 | %0,50 | %5,33 | %86,37",2026-08-13T11:10:38+00:00,Sigortalı,
3969,627,35,4.0,0.5,5.25,84.71,"35 | %4,00 | %0,50 | %5,25 | %84,71",2026-08-13T11:10:38+00:00,Sigortalı,
3970,627,36,3.8,0.5,4.98,79.27,"36 | %3,80 | %0,50 | %4,98 | %79,27",2026-08-13T11:10:38+00:00,Sigortalı,
3971,628,3,4.46,0.5,18.92,700.08,"3 | 4,46% | 0,50% | 18,92% | 700,08%",2026-08-13T11:10:38+00:00,Sigortalı,
3972,628,6,4.42,0.5,13.35,349.99,"6 | 4,42% | 0,50% | 13,35% | 349,99%",2026-08-13T11:10:38+00:00,Sigortalı,
3973,628,12,4.27,0.5,9.86,208.95,"12 | 4,27% | 0,50% | 9,86% | 208,95%",2026-08-13T11:10:38+00:00,Sigortalı,
3974,628,18,4.23,0.5,8.62,169.75,"18 | 4,23% | 0,50% | 8,62% | 169,75%",2026-08-13T11:10:38+00:00,Sigortalı,
3975,628,24,4.19,0.5,7.97,150.89,"24 | 4,19% | 0,50% | 7,97% | 150,89%",2026-08-13T11:10:38+00:00,Sigortalı,
3976,628,36,4.08,0.5,7.23,131.2,"36 | 4,08% | 0,50% | 7,23% | 131,20%",2026-08-13T11:10:38+00:00,Sigortalı,
3977,628,48,4.04,0.5,6.9,122.81,"48 | 4,04% | 0,50% | 6,90% | 122,81%",2026-08-13T11:10:38+00:00,Sigortalı,
3978,628,59,3.85,0.5,6.48,112.35,"59 | 3,85% | 0,50% | 6,48% | 112,35%",2026-08-13T11:10:38+00:00,Sigortalı,
3979,628,84,3.59,0.5,5.93,99.71,"84 | 3,59% | 0,50% | 5,93% | 99,71%",2026-08-13T11:10:38+00:00,Sigortalı,
3980,628,3,4.92,0.5,19.62,758.45,"3 | 4,92% | 0,50% | 19,62% | 758,45%",2026-08-13T11:10:38+00:00,Sigortasız,
3981,628,6,4.88,0.5,14.04,383.58,"6 | 4,88% | 0,50% | 14,04% | 383,58%",2026-08-13T11:10:38+00:00,Sigortasız,
3982,628,12,4.73,0.5,10.53,232.54,"12 | 4,73% | 0,50% | 10,53% | 232,54%",2026-08-13T11:10:38+00:00,Sigortasız,
3983,628,18,4.69,0.5,9.3,190.66,"18 | 4,69% | 0,50% | 9,30% | 190,66%",2026-08-13T11:10:38+00:00,Sigortasız,
3984,628,24,4.65,0.5,8.65,170.59,"24 | 4,65% | 0,50% | 8,65% | 170,59%",2026-08-13T11:10:38+00:00,Sigortasız,
3985,628,36,4.54,0.5,7.93,149.77,"36 | 4,54% | 0,50% | 7,93% | 149,77%",2026-08-13T11:10:38+00:00,Sigortasız,
3986,628,48,4.5,0.5,7.61,141.07,"48 | 4,50% | 0,50% | 7,61% | 141,07%",2026-08-13T11:10:38+00:00,Sigortasız,
3987,628,59,4.31,0.5,7.19,130.02,"59 | 4,31% | 0,50% | 7,19% | 130,02%",2026-08-13T11:10:38+00:00,Sigortasız,
3988,628,84,4.05,0.5,6.66,116.78,"84 | 4,05% | 0,50% | 6,66% | 116,78%",2026-08-13T11:10:38+00:00,Sigortasız,
3989,634,3,2.95,0.0,5.89,98.67,"3 | 2,95% | 0,00% | 5,89% | 98,67%",2026-08-13T11:10:38+00:00,Alışveriş Finansmanı Kâr Oranları ve Maliyet Tablosu,
3990,634,12,2.95,0.0,5.55,91.22,"12 | 2,95% | 0,00% | 5,55% | 91,22%",2026-08-13T11:10:38+00:00,Alışveriş Finansmanı Kâr Oranları ve Maliyet Tablosu,
3991,634,24,3.89,0.0,5.44,88.88,"24 | 3,89% | 0,00% | 5,44% | 88,88%",2026-08-13T11:10:38+00:00,Alışveriş Finansmanı Kâr Oranları ve Maliyet Tablosu,
3992,634,36,3.89,0.0,5.36,87.18,"36 | 3,89% | 0,00% | 5,36% | 87,18%",2026-08-13T11:10:38+00:00,Alışveriş Finansmanı Kâr Oranları ve Maliyet Tablosu,
4029,644,12,0.0,,,,T10F V2 | 12 | 1.000.000 | 0.00%,2026-08-13T11:49:11+00:00,T10F V2,1000000.0
4030,644,48,2.99,,,,". Araç Modeli Vade (Ay) Kredi Tutarı Aylık Kar Oranı T10F V2 12 1.000.000 0,00% T10F V2 48 1.700.000 2,99% T10X V2 12 800.000 0,00% T10X V2 48 1.700.000 2,99% T10X V2 4MORE 10 1.500.000 0,00% T10F V2 4MORE 36 1.500.000 3,05% Başvuru Nasıl Yapılır? İlgili belgelerle birlikte size en yak",2026-08-13T11:49:11+00:00,T10F V2,1700000.0
4031,644,12,0.0,,,,T10X V2 | 12 | 800.000 | 0.00%,2026-08-13T11:49:11+00:00,T10X V2,800000.0
4032,644,48,2.99,,,,"T10F V2 12 1.000.000 0,00% T10F V2 48 1.700.000 2,99% T10X V2 12 800.000 0,00% T10X V2 48 1.700.000 2,99% T10X V2 4MORE 10 1.500.000 0,00% T10F V2 4MORE 36 1.500.000 3,05% Başvuru Nasıl Yapılır? İlgili belgelerle birlikte size en yakın Albaraka Türk şubesine başvurarak formu doldurman",2026-08-13T11:49:11+00:00,T10X V2,1700000.0
4033,644,10,0.0,,,,T10X V2 4MORE | 10 | 1.500.000 | 0.00%,2026-08-13T11:49:11+00:00,T10X V2 4MORE,1500000.0
4034,644,36,3.05,,,,"V2 12 800.000 0,00% T10X V2 48 1.700.000 2,99% T10X V2 4MORE 10 1.500.000 0,00% T10F V2 4MORE 36 1.500.000 3,05% Başvuru Nasıl Yapılır? İlgili belgelerle birlikte size en yakın Albaraka Türk şubesine başvurarak formu doldurmanız yeterlidir. Daha fazla bilgi için 0850 222 5 666 Alo Albaraka h",2026-08-13T11:49:11+00:00,T10F V2 4MORE,1500000.0
