Banka,Kart Adı,Kart Türü,Müşteri Segmenti,Ödeme Ağı,Kart Programı / Ödül,Yıllık Kart Ücreti,Taksit / Vade Farksız,Puan / Nakit İade / Mil,Temassız,QR / NFC,Sanal Kart,Ek Kart,İnternet Alışverişi,Yurt Dışı Kullanım,Nakit Avans,Öne Çıkan Avantaj,Başvuru Kanalı,Resmî Kaynak,Kontrol Tarihi,Veri Notu
Adil Katılım,Kamuya açık doğrulanmış kart ürünü bulunamadı,Ürün yayımlanmamış,Bireysel / Ticari,Bilgi yok – resmî kaynakta yayımlanmamış,Bilgi yok – resmî kaynakta yayımlanmamış,Bilgi yok – resmî kaynakta yayımlanmamış,Bilgi yok – resmî kaynakta yayımlanmamış,Bilgi yok – resmî kaynakta yayımlanmamış,Bilgi yok – resmî kaynakta yayımlanmamış,Bilgi yok – resmî kaynakta yayımlanmamış,Bilgi yok – resmî kaynakta yayımlanmamış,Bilgi yok – resmî kaynakta yayımlanmamış,Bilgi yok – resmî kaynakta yayımlanmamış,Bilgi yok – resmî kaynakta yayımlanmamış,Bilgi yok – resmî kaynakta yayımlanmamış,Kart ürünü kamuya açık olarak yayımlanmadığı için kart özelliği üretilmedi.,Mobil uygulama 'çok yakında' olarak duyuruluyor,https://www.adilkatilim.com.tr/,2026-08-27,27.08.2026 kontrolünde resmî sitede kamuya açık doğrulanmış kart ürünü bulunamadı; özellikler tahmin edilmedi.
Albaraka Türk,World Platinum Kart,Kredi Kartı,Bireysel / Premium,Bilgi yok – resmî kaynakta yayımlanmamış,World / Worldpuan,0 TL – Albaraka kredi kartlarında kart ücreti yok,World üye işyerlerinde taksit,Worldpuan,Bilgi yok – resmî kaynakta yayımlanmamış,Bilgi yok – resmî kaynakta yayımlanmamış,Bilgi yok – resmî kaynakta yayımlanmamış,Bilgi yok – resmî kaynakta yayımlanmamış,Var,Bilgi yok – resmî kaynakta yayımlanmamış,Bilgi yok – resmî kaynakta yayımlanmamış,"Asistans hizmetleri, Worldpuan ve World üye işyerlerinde taksit",Bilgi yok – resmî kaynakta yayımlanmamış,https://www.albaraka.com.tr/tr/bireysel/kartlar/kredi-kartlari,2026-08-27,Yalnız kamuya açık resmî ürün bilgisinden derlendi.
Albaraka Türk,World Gold Kart,Kredi Kartı,Bireysel,Bilgi yok – resmî kaynakta yayımlanmamış,World / Worldpuan,0 TL – Albaraka kredi kartlarında kart ücreti yok,World üye işyerlerinde taksit,Worldpuan,Bilgi yok – resmî kaynakta yayımlanmamış,Bilgi yok – resmî kaynakta yayımlanmamış,Bilgi yok – resmî kaynakta yayımlanmamış,Bilgi yok – resmî kaynakta yayımlanmamış,Var,Bilgi yok – resmî kaynakta yayımlanmamış,Bilgi yok – resmî kaynakta yayımlanmamış,World üye işyerlerinde taksit ve Worldpuan,Bilgi yok – resmî kaynakta yayımlanmamış,https://www.albaraka.com.tr/tr/bireysel/kartlar/kredi-kartlari,2026-08-27,Yalnız kamuya açık resmî ürün bilgisinden derlendi.
Albaraka Türk,World Klasik Kart,Kredi Kartı,Bireysel,Bilgi yok – resmî kaynakta yayımlanmamış,World / Worldpuan,0 TL – Albaraka kredi kartlarında kart ücreti yok,World üye işyerlerinde taksit,Worldpuan,Bilgi yok – resmî kaynakta yayımlanmamış,Bilgi yok – resmî kaynakta yayımlanmamış,Bilgi yok – resmî kaynakta yayımlanmamış,Bilgi yok – resmî kaynakta yayımlanmamış,Var,Bilgi yok – resmî kaynakta yayımlanmamış,Bilgi yok – resmî kaynakta yayımlanmamış,World üye işyerlerinde taksit ve Worldpuan,Bilgi yok – resmî kaynakta yayımlanmamış,https://www.albaraka.com.tr/tr/bireysel/kartlar/kredi-kartlari,2026-08-27,Yalnız kamuya açık resmî ürün bilgisinden derlendi.
Albaraka Türk,TROY Kredi Kartı,Kredi Kartı,Bireysel,Bilgi yok – resmî kaynakta yayımlanmamış,Bilgi yok – resmî kaynakta yayımlanmamış,0 TL – Albaraka kredi kartlarında kart ücreti yok,Bilgi yok – resmî kaynakta yayımlanmamış,Bilgi yok – resmî kaynakta yayımlanmamış,Bilgi yok – resmî kaynakta yayımlanmamış,Bilgi yok – resmî kaynakta yayımlanmamış,Bilgi yok – resmî kaynakta yayımlanmamış,Bilgi yok – resmî kaynakta yayımlanmamış,Var,Bilgi yok – resmî kaynakta yayımlanmamış,Bilgi yok – resmî kaynakta yayımlanmamış,TROY altyapılı kredi kartı,Bilgi yok – resmî kaynakta yayımlanmamış,https://www.albaraka.com.tr/tr/bireysel/kartlar/kredi-kartlari,2026-08-27,Yalnız kamuya açık resmî ürün bilgisinden derlendi.
Albaraka Türk,Trend Kredi Kartı,Kredi Kartı,Trend segmenti,Bilgi yok – resmî kaynakta yayımlanmamış,Bilgi yok – resmî kaynakta yayımlanmamış,0 TL – Albaraka kredi kartlarında kart ücreti yok,Bilgi yok – resmî kaynakta yayımlanmamış,Bilgi yok – resmî kaynakta yayımlanmamış,Bilgi yok – resmî kaynakta yayımlanmamış,Bilgi yok – resmî kaynakta yayımlanmamış,Bilgi yok – resmî kaynakta yayımlanmamış,Bilgi yok – resmî kaynakta yayımlanmamış,Var,Bilgi yok – resmî kaynakta yayımlanmamış,Bilgi yok – resmî kaynakta yayımlanmamış,Trend segmentine özel kampanya ve ayrıcalıklar,Bilgi yok – resmî kaynakta yayımlanmamış,https://www.albaraka.com.tr/tr/bireysel/kartlar/kredi-kartlari,2026-08-27,Yalnız kamuya açık resmî ürün bilgisinden derlendi.
Albaraka Türk,Eflatun Kredi Kartı,Kredi Kartı,Eflatun segmenti,Bilgi yok – resmî kaynakta yayımlanmamış,Bilgi yok – resmî kaynakta yayımlanmamış,0 TL – Albaraka kredi kartlarında kart ücreti yok,Bilgi yok – resmî kaynakta yayımlanmamış,Bilgi yok – resmî kaynakta yayımlanmamış,Bilgi yok – resmî kaynakta yayımlanmamış,Bilgi yok – resmî kaynakta yayımlanmamış,Bilgi yok – resmî kaynakta yayımlanmamış,Bilgi yok – resmî kaynakta yayımlanmamış,Var,Bilgi yok – resmî kaynakta yayımlanmamış,Bilgi yok – resmî kaynakta yayımlanmamış,Eflatun segmentine özel kart ayrıcalıkları,Bilgi yok – resmî kaynakta yayımlanmamış,https://www.albaraka.com.tr/tr/bireysel/kartlar/kredi-kartlari,2026-08-27,Yalnız kamuya açık resmî ürün bilgisinden derlendi.
Albaraka Türk,Özel Kredi Kartı,Kredi Kartı,Özel Bankacılık,Bilgi yok – resmî kaynakta yayımlanmamış,Bilgi yok – resmî kaynakta yayımlanmamış,0 TL – Albaraka kredi kartlarında kart ücreti yok,Bilgi yok – resmî kaynakta yayımlanmamış,Bilgi yok – resmî kaynakta yayımlanmamış,Bilgi yok – resmî kaynakta yayımlanmamış,Bilgi yok – resmî kaynakta yayımlanmamış,Bilgi yok – resmî kaynakta yayımlanmamış,Bilgi yok – resmî kaynakta yayımlanmamış,Var,Bilgi yok – resmî kaynakta yayımlanmamış,Bilgi yok – resmî kaynakta yayımlanmamış,Özel Bankacılık müşterilerine yönelik kart,Bilgi yok – resmî kaynakta yayımlanmamış,https://www.albaraka.com.tr/tr/bireysel/kartlar/kredi-kartlari,2026-08-27,Yalnız kamuya açık resmî ürün bilgisinden derlendi.
Albaraka Türk,Albaraka World Sanal Kart,Sanal Kredi Kartı,Bireysel,Bilgi yok – resmî kaynakta yayımlanmamış,World,0 TL – Albaraka kredi kartlarında kart ücreti yok,Bilgi yok – resmî kaynakta yayımlanmamış,Bilgi yok – resmî kaynakta yayımlanmamış,Bilgi yok – resmî kaynakta yayımlanmamış,Bilgi yok – resmî kaynakta yayımlanmamış,Kartın kendisi sanal,Bilgi yok – resmî kaynakta yayımlanmamış,Var,Bilgi yok – resmî kaynakta yayımlanmamış,Bilgi yok – resmî kaynakta yayımlanmamış,World kredi kartına bağlı internet alışverişi için sanal kart,Bilgi yok – resmî kaynakta yayımlanmamış,https://www.albaraka.com.tr/tr/bireysel/kartlar/kredi-kartlari,2026-08-27,Yalnız kamuya açık resmî ürün bilgisinden derlendi.
Albaraka Türk,7/24 Albaraka Banka Kartı,Banka Kartı,Bireysel,Bilgi yok – resmî kaynakta yayımlanmamış,Bilgi yok – resmî kaynakta yayımlanmamış,Bilgi yok – resmî kaynakta yayımlanmamış,Bilgi yok – resmî kaynakta yayımlanmamış,Bilgi yok – resmî kaynakta yayımlanmamış,Bilgi yok – resmî kaynakta yayımlanmamış,Bilgi yok – resmî kaynakta yayımlanmamış,Bilgi yok – resmî kaynakta yayımlanmamış,Bilgi yok – resmî kaynakta yayımlanmamış,Bilgi yok – resmî kaynakta yayımlanmamış,Bilgi yok – resmî kaynakta yayımlanmamış,Bilgi yok – resmî kaynakta yayımlanmamış,Cari hesaptan alışveriş ve bankacılık işlemleri,Bilgi yok – resmî kaynakta yayımlanmamış,https://www.albaraka.com.tr/tr/bireysel/kartlar/banka-kartlari,2026-08-27,Yalnız kamuya açık resmî ürün bilgisinden derlendi.
Albaraka Türk,Hicaz Kart,Banka Kartı,Hac / Umre müşterileri,Bilgi yok – resmî kaynakta yayımlanmamış,Bilgi yok – resmî kaynakta yayımlanmamış,Bilgi yok – resmî kaynakta yayımlanmamış,Bilgi yok – resmî kaynakta yayımlanmamış,Bilgi yok – resmî kaynakta yayımlanmamış,Bilgi yok – resmî kaynakta yayımlanmamış,Bilgi yok – resmî kaynakta yayımlanmamış,Bilgi yok – resmî kaynakta yayımlanmamış,Bilgi yok – resmî kaynakta yayımlanmamış,Bilgi yok – resmî kaynakta yayımlanmamış,Bilgi yok – resmî kaynakta yayımlanmamış,Bilgi yok – resmî kaynakta yayımlanmamış,Hac ve Umre ziyaretine özel banka kartı,Bilgi yok – resmî kaynakta yayımlanmamış,https://www.albaraka.com.tr/tr/bireysel/kartlar/banka-kartlari,2026-08-27,Yalnız kamuya açık resmî ürün bilgisinden derlendi.
Albaraka Türk,Dijital Banka Kartı,Banka Kartı,Bireysel,Bilgi yok – resmî kaynakta yayımlanmamış,Bilgi yok – resmî kaynakta yayımlanmamış,Bilgi yok – resmî kaynakta yayımlanmamış,Bilgi yok – resmî kaynakta yayımlanmamış,Bilgi yok – resmî kaynakta yayımlanmamış,Bilgi yok – resmî kaynakta yayımlanmamış,Bilgi yok – resmî kaynakta yayımlanmamış,Kartın kendisi dijital,Bilgi yok – resmî kaynakta yayımlanmamış,Var,Bilgi yok – resmî kaynakta yayımlanmamış,Bilgi yok – resmî kaynakta yayımlanmamış,E-ticaret ve dijital kullanım için banka kartı,Bilgi yok – resmî kaynakta yayımlanmamış,https://www.albaraka.com.tr/tr/bireysel/kartlar/banka-kartlari,2026-08-27,Yalnız kamuya açık resmî ürün bilgisinden derlendi.
Albaraka Türk,Trend Banka Kartı,Banka Kartı,Trend segmenti,Bilgi yok – resmî kaynakta yayımlanmamış,Bilgi yok – resmî kaynakta yayımlanmamış,Kart kullanım ücreti yok ifadesi yayımlanıyor,Bilgi yok – resmî kaynakta yayımlanmamış,Bilgi yok – resmî kaynakta yayımlanmamış,Bilgi yok – resmî kaynakta yayımlanmamış,Bilgi yok – resmî kaynakta yayımlanmamış,Bilgi yok – resmî kaynakta yayımlanmamış,Bilgi yok – resmî kaynakta yayımlanmamış,Bilgi yok – resmî kaynakta yayımlanmamış,Bilgi yok – resmî kaynakta yayımlanmamış,Bilgi yok – resmî kaynakta yayımlanmamış,Trend segmenti banka kartı,Bilgi yok – resmî kaynakta yayımlanmamış,https://www.albaraka.com.tr/tr/bireysel/kartlar/banka-kartlari,2026-08-27,Yalnız kamuya açık resmî ürün bilgisinden derlendi.
Albaraka Türk,Özel Banka Kartı,Banka Kartı,Özel Bankacılık,Bilgi yok – resmî kaynakta yayımlanmamış,Bilgi yok – resmî kaynakta yayımlanmamış,Bilgi yok – resmî kaynakta yayımlanmamış,Bilgi yok – resmî kaynakta yayımlanmamış,Bilgi yok – resmî kaynakta yayımlanmamış,Bilgi yok – resmî kaynakta yayımlanmamış,Bilgi yok – resmî kaynakta yayımlanmamış,Bilgi yok – resmî kaynakta yayımlanmamış,Bilgi yok – resmî kaynakta yayımlanmamış,Bilgi yok – resmî kaynakta yayımlanmamış,Var,Bilgi yok – resmî kaynakta yayımlanmamış,Özel Bankacılık banka kartı,Bilgi yok – resmî kaynakta yayımlanmamış,https://www.albaraka.com.tr/tr/bireysel/kartlar/banka-kartlari,2026-08-27,Yalnız kamuya açık resmî ürün bilgisinden derlendi.
Albaraka Türk,Eflatun Banka Kartı,Banka Kartı,Eflatun segmenti,Bilgi yok – resmî kaynakta yayımlanmamış,Bilgi yok – resmî kaynakta yayımlanmamış,Bilgi yok – resmî kaynakta yayımlanmamış,Bilgi yok – resmî kaynakta yayımlanmamış,Bilgi yok – resmî kaynakta yayımlanmamış,Bilgi yok – resmî kaynakta yayımlanmamış,Bilgi yok – resmî kaynakta yayımlanmamış,Bilgi yok – resmî kaynakta yayımlanmamış,Bilgi yok – resmî kaynakta yayımlanmamış,Bilgi yok – resmî kaynakta yayımlanmamış,Bilgi yok – resmî kaynakta yayımlanmamış,Bilgi yok – resmî kaynakta yayımlanmamış,Cari hesap bakiyesiyle alışveriş ve bankacılık işlemleri,Bilgi yok – resmî kaynakta yayımlanmamış,https://www.albaraka.com.tr/tr/bireysel/kartlar/banka-kartlari,2026-08-27,Yalnız kamuya açık resmî ürün bilgisinden derlendi.
Dünya Katılım,Paraf Platinum Kredi Kartı,Kredi Kartı,Bireysel / Premium,Bilgi yok – resmî kaynakta yayımlanmamış,Paraf / ParafPara,Var – güncel sabit tutar ürün sayfasında yayımlanmamış,Paraf üye işyerlerinde taksit,ParafPara,Var – 2.500 TL ve altı şifresiz,Bilgi yok – resmî kaynakta yayımlanmamış,Bilgi yok – resmî kaynakta yayımlanmamış,Bilgi yok – resmî kaynakta yayımlanmamış,Var – GO güvenli ödeme,Bilgi yok – resmî kaynakta yayımlanmamış,Bilgi yok – resmî kaynakta yayımlanmamış,"ParafPara, taksit ve Paraf Platinum kampanyaları",Bilgi yok – resmî kaynakta yayımlanmamış,https://dunyakatilim.com.tr/kendim-icin/kartlar/kredi-kartlari/paraf-platinum-kredi-karti,2026-08-27,Yalnız kamuya açık resmî ürün bilgisinden derlendi.
Dünya Katılım,Paraf Kredi Kartı,Kredi Kartı,Bireysel,Bilgi yok – resmî kaynakta yayımlanmamış,Paraf / ParafPara,Var – güncel sabit tutar ürün sayfasında yayımlanmamış,Paraf üye işyerlerinde taksit,ParafPara,Bilgi yok – resmî kaynakta yayımlanmamış,Bilgi yok – resmî kaynakta yayımlanmamış,Bilgi yok – resmî kaynakta yayımlanmamış,Bilgi yok – resmî kaynakta yayımlanmamış,Var,Bilgi yok – resmî kaynakta yayımlanmamış,Bilgi yok – resmî kaynakta yayımlanmamış,"ParafPara, taksit ve kampanyalar",Bilgi yok – resmî kaynakta yayımlanmamış,https://dunyakatilim.com.tr/kendim-icin/kartlar/kredi-kartlari/paraf-kredi-karti,2026-08-27,Yalnız kamuya açık resmî ürün bilgisinden derlendi.
Dünya Katılım,DKart Kredi Kartı,Kredi Kartı,Bireysel,Bilgi yok – resmî kaynakta yayımlanmamış,Bilgi yok – resmî kaynakta yayımlanmamış,0 TL – yıllık kart ücreti yok,Bilgi yok – resmî kaynakta yayımlanmamış,Altın Kesem kampanyalarında altın kazanımı,Var – 2.500 TL ve altı şifresiz,Bilgi yok – resmî kaynakta yayımlanmamış,Bilgi yok – resmî kaynakta yayımlanmamış,Bilgi yok – resmî kaynakta yayımlanmamış,Var – GO güvenli ödeme,Bilgi yok – resmî kaynakta yayımlanmamış,Bilgi yok – resmî kaynakta yayımlanmamış,Aidatsız kredi kartı + altın kazanım kampanyaları,Fiziki şubeler,https://dunyakatilim.com.tr/kendim-icin/kartlar/kredi-kartlari/dkart-kredi-karti,2026-08-27,Yalnız kamuya açık resmî ürün bilgisinden derlendi.
Dünya Katılım,DKart Debit,Banka Kartı,Bireysel,Bilgi yok – resmî kaynakta yayımlanmamış,Bilgi yok – resmî kaynakta yayımlanmamış,0 TL – kart ücreti yok,Bilgi yok – resmî kaynakta yayımlanmamış,Altın Kesem kampanyalarında altın kazanımı,Var – 2.500 TL ve altı şifresiz,Bilgi yok – resmî kaynakta yayımlanmamış,Bilgi yok – resmî kaynakta yayımlanmamış,Bilgi yok – resmî kaynakta yayımlanmamış,Var – GO güvenli ödeme,Bilgi yok – resmî kaynakta yayımlanmamış,Bilgi yok – resmî kaynakta yayımlanmamış,Vadesiz hesaptan kart kullanımı; resmî ATM avantajları,Şube / uzaktan müşteri edinimi,https://dunyakatilim.com.tr/kendim-icin/kartlar/banka-kartlari/dkart,2026-08-27,Yalnız kamuya açık resmî ürün bilgisinden derlendi.
Hayat Finans,Hayat Finans Banka Kartı,Banka Kartı,Bireysel,Mastercard / Maestro / Cirrus,Bilgi yok – resmî kaynakta yayımlanmamış,0 TL – ücretsiz,Bilgi yok – resmî kaynakta yayımlanmamış,Bilgi yok – resmî kaynakta yayımlanmamış,Var,Bilgi yok – resmî kaynakta yayımlanmamış,Var – bağlı sanal kart oluşturulabilir,Bilgi yok – resmî kaynakta yayımlanmamış,Var – 3D Secure / GO,Var,Bilgi yok – resmî kaynakta yayımlanmamış,"Ücretsiz banka kartı, yurt dışı kullanım ve sanal kart",Hayat Finans Mobil / banka kanalları,https://hayatfinans.com.tr/kartlar/hayat-finans-banka-karti,2026-08-27,Yalnız kamuya açık resmî ürün bilgisinden derlendi.
Hayat Finans,Biz Kart,Ek Banka Kartı,Aile / yakınlar / 8 yaş ve üzeri,Bilgi yok – resmî kaynakta yayımlanmamış,Bilgi yok – resmî kaynakta yayımlanmamış,0 TL – herhangi bir ücret yok,Bilgi yok – resmî kaynakta yayımlanmamış,Bilgi yok – resmî kaynakta yayımlanmamış,Bilgi yok – resmî kaynakta yayımlanmamış,Bilgi yok – resmî kaynakta yayımlanmamış,Bilgi yok – resmî kaynakta yayımlanmamış,Bilgi yok – resmî kaynakta yayımlanmamış,Bilgi yok – resmî kaynakta yayımlanmamış,Bilgi yok – resmî kaynakta yayımlanmamış,Bilgi yok – resmî kaynakta yayımlanmamış,Asıl hesap sahibinin limit ve sektör bazlı kontrolü,Hayat Finans Mobil,https://hayatfinans.com.tr/kartlar/biz-kart,2026-08-27,18 yaş altı için yalnız velayet altındaki çocuk; asıl hesap sahibi en fazla 5 kişiye kart tanımlayabilir.
Hayat Finans,Hayat Plus Kredi Kartı,Kredi Kartı,Özel Bankacılık,Mastercard World Black Edition,Bilgi yok – resmî kaynakta yayımlanmamış,Bilgi yok – resmî kaynakta yayımlanmamış,Bilgi yok – resmî kaynakta yayımlanmamış,Yurt içi/yurt dışı kampanya ve indirimler,Bilgi yok – resmî kaynakta yayımlanmamış,Bilgi yok – resmî kaynakta yayımlanmamış,Bilgi yok – resmî kaynakta yayımlanmamış,Bilgi yok – resmî kaynakta yayımlanmamış,Bilgi yok – resmî kaynakta yayımlanmamış,Var,Bilgi yok – resmî kaynakta yayımlanmamış,Özel Bankacılık; seyahat ve günlük harcamalarda premium ayrıcalıklar,Hayat Finans Mobil,https://hayatfinans.com.tr/kartlar/hayat-plus-kredi-karti,2026-08-27,Yalnız kamuya açık resmî ürün bilgisinden derlendi.
Kuveyt Türk,Sağlam Kart,Kredi Kartı,Bireysel,Bilgi yok – resmî kaynakta yayımlanmamış,Bilgi yok – resmî kaynakta yayımlanmamış,0 TL – yıllık üyelik ücreti yok,Eğitim ve sağlıkta vade farksız 5 taksit; anlaşmalı işyerlerinde taksit,Altın Puan,Var,QR + Android NFC,Var,Var,Var,Bilgi yok – resmî kaynakta yayımlanmamış,"Var – limitin %5'i, azami 20.000 TL",Aidatsız + Altın Puan + eğitim/sağlıkta vade farksız 5 taksit,Şube / dijital kart yönetimi,https://www.kuveytturk.com.tr/kendim-icin/kartlar/kredi-karti/saglam-kart,2026-08-27,Yalnız kamuya açık resmî ürün bilgisinden derlendi.
Kuveyt Türk,Miles&Smiles Kredi Kartı,Kredi Kartı,Bireysel,Bilgi yok – resmî kaynakta yayımlanmamış,Miles&Smiles,Bilgi yok – resmî kaynakta yayımlanmamış,Alışverişlerde 6 aya kadar vade farksız taksit ifadesi yayımlanıyor,Mil,Bilgi yok – resmî kaynakta yayımlanmamış,Bilgi yok – resmî kaynakta yayımlanmamış,Bilgi yok – resmî kaynakta yayımlanmamış,Bilgi yok – resmî kaynakta yayımlanmamış,Bilgi yok – resmî kaynakta yayımlanmamış,Bilgi yok – resmî kaynakta yayımlanmamış,Bilgi yok – resmî kaynakta yayımlanmamış,Mil biriktirme ve seyahat odaklı kredi kartı,Bilgi yok – resmî kaynakta yayımlanmamış,https://www.kuveytturk.com.tr/kendim-icin/kartlar/kart-karsilastirma,2026-08-27,Yalnız kamuya açık resmî ürün bilgisinden derlendi.
Kuveyt Türk,Sağlam Nakit Kart,Banka Kartı,Bireysel,Bilgi yok – resmî kaynakta yayımlanmamış,Altın Puan,Bilgi yok – resmî kaynakta yayımlanmamış,Bilgi yok – resmî kaynakta yayımlanmamış,Kampanyalardan Altın Puan,Bilgi yok – resmî kaynakta yayımlanmamış,Bilgi yok – resmî kaynakta yayımlanmamış,Bilgi yok – resmî kaynakta yayımlanmamış,Bilgi yok – resmî kaynakta yayımlanmamış,Bilgi yok – resmî kaynakta yayımlanmamış,Bilgi yok – resmî kaynakta yayımlanmamış,Bilgi yok – resmî kaynakta yayımlanmamış,Cari hesaptan kullanım + Altın Puan kampanyaları,Bilgi yok – resmî kaynakta yayımlanmamış,https://www.kuveytturk.com.tr/kendim-icin/kartlar/banka-kartlari/saglam-nakit-kart,2026-08-27,Yalnız kamuya açık resmî ürün bilgisinden derlendi.
Kuveyt Türk,Elite Kart,Kredi Kartı,Özel / Premium,Bilgi yok – resmî kaynakta yayımlanmamış,Bilgi yok – resmî kaynakta yayımlanmamış,Bilgi yok – resmî kaynakta yayımlanmamış,Bilgi yok – resmî kaynakta yayımlanmamış,Bilgi yok – resmî kaynakta yayımlanmamış,Bilgi yok – resmî kaynakta yayımlanmamış,Bilgi yok – resmî kaynakta yayımlanmamış,Bilgi yok – resmî kaynakta yayımlanmamış,Bilgi yok – resmî kaynakta yayımlanmamış,Bilgi yok – resmî kaynakta yayımlanmamış,Bilgi yok – resmî kaynakta yayımlanmamış,Bilgi yok – resmî kaynakta yayımlanmamış,Premium kart; ayrıntılı özellikler kart karşılaştırma sayfasından erişiliyor,Bilgi yok – resmî kaynakta yayımlanmamış,https://www.kuveytturk.com.tr/kendim-icin/kartlar/kart-karsilastirma,2026-08-27,Yalnız kamuya açık resmî ürün bilgisinden derlendi.
Kuveyt Türk,Sağlam Kart Kampüs,Kredi Kartı,Kampüs / genç,Bilgi yok – resmî kaynakta yayımlanmamış,Bilgi yok – resmî kaynakta yayımlanmamış,0 TL – kart ücreti yok,Bilgi yok – resmî kaynakta yayımlanmamış,Restoran ve markette %10 indirim kampanyaları,Bilgi yok – resmî kaynakta yayımlanmamış,Bilgi yok – resmî kaynakta yayımlanmamış,Bilgi yok – resmî kaynakta yayımlanmamış,Bilgi yok – resmî kaynakta yayımlanmamış,Bilgi yok – resmî kaynakta yayımlanmamış,Bilgi yok – resmî kaynakta yayımlanmamış,Bilgi yok – resmî kaynakta yayımlanmamış,Aidatsız genç kart; restoran/market avantajları,Bilgi yok – resmî kaynakta yayımlanmamış,https://www.kuveytturk.com.tr/kendim-icin/kartlar/kart-karsilastirma,2026-08-27,Yalnız kamuya açık resmî ürün bilgisinden derlendi.
Kuveyt Türk,Miles&Smiles Debit Kart,Banka Kartı,Bireysel,Bilgi yok – resmî kaynakta yayımlanmamış,Miles&Smiles,Bilgi yok – resmî kaynakta yayımlanmamış,Bilgi yok – resmî kaynakta yayımlanmamış,%20 daha fazla mil biriktirme ifadesi yayımlanıyor,Bilgi yok – resmî kaynakta yayımlanmamış,Bilgi yok – resmî kaynakta yayımlanmamış,Bilgi yok – resmî kaynakta yayımlanmamış,Bilgi yok – resmî kaynakta yayımlanmamış,Bilgi yok – resmî kaynakta yayımlanmamış,Bilgi yok – resmî kaynakta yayımlanmamış,Bilgi yok – resmî kaynakta yayımlanmamış,Banka kartı harcamalarında mil,Bilgi yok – resmî kaynakta yayımlanmamış,https://www.kuveytturk.com.tr/kendim-icin/kartlar/kart-karsilastirma,2026-08-27,Yalnız kamuya açık resmî ürün bilgisinden derlendi.
Kuveyt Türk,Sağlam Tohum Kart,Tarım Kartı,Çiftçi / tarım,Bilgi yok – resmî kaynakta yayımlanmamış,Bilgi yok – resmî kaynakta yayımlanmamış,Bilgi yok – resmî kaynakta yayımlanmamış,Hasat dönemine kadar ödeme erteleme,Bilgi yok – resmî kaynakta yayımlanmamış,Bilgi yok – resmî kaynakta yayımlanmamış,Bilgi yok – resmî kaynakta yayımlanmamış,Bilgi yok – resmî kaynakta yayımlanmamış,Bilgi yok – resmî kaynakta yayımlanmamış,Bilgi yok – resmî kaynakta yayımlanmamış,Bilgi yok – resmî kaynakta yayımlanmamış,Bilgi yok – resmî kaynakta yayımlanmamış,Tarım harcamalarında hasada uygun ödeme,Bilgi yok – resmî kaynakta yayımlanmamış,https://www.kuveytturk.com.tr/kendim-icin/kartlar/kart-karsilastirma,2026-08-27,Yalnız kamuya açık resmî ürün bilgisinden derlendi.
Kuveyt Türk,Sağlam Business Finansman Kart,Ticari Finansman Kartı,KOBİ / Ticari,Bilgi yok – resmî kaynakta yayımlanmamış,Bilgi yok – resmî kaynakta yayımlanmamış,Bilgi yok – resmî kaynakta yayımlanmamış,Bilgi yok – resmî kaynakta yayımlanmamış,Bilgi yok – resmî kaynakta yayımlanmamış,Bilgi yok – resmî kaynakta yayımlanmamış,Bilgi yok – resmî kaynakta yayımlanmamış,Bilgi yok – resmî kaynakta yayımlanmamış,Bilgi yok – resmî kaynakta yayımlanmamış,Bilgi yok – resmî kaynakta yayımlanmamış,Bilgi yok – resmî kaynakta yayımlanmamış,Bilgi yok – resmî kaynakta yayımlanmamış,İşletme harcamalarını finanse etmeye yönelik ticari kart,Bilgi yok – resmî kaynakta yayımlanmamış,https://www.kuveytturk.com.tr/kendim-icin/kartlar/kart-karsilastirma,2026-08-27,Yalnız kamuya açık resmî ürün bilgisinden derlendi.
Kuveyt Türk,Miles&Smiles Business,Ticari Kredi Kartı,KOBİ / Ticari,Bilgi yok – resmî kaynakta yayımlanmamış,Miles&Smiles,Bilgi yok – resmî kaynakta yayımlanmamış,Bilgi yok – resmî kaynakta yayımlanmamış,Mil,Bilgi yok – resmî kaynakta yayımlanmamış,Bilgi yok – resmî kaynakta yayımlanmamış,Bilgi yok – resmî kaynakta yayımlanmamış,Bilgi yok – resmî kaynakta yayımlanmamış,Bilgi yok – resmî kaynakta yayımlanmamış,Bilgi yok – resmî kaynakta yayımlanmamış,Bilgi yok – resmî kaynakta yayımlanmamış,İş seyahati ve ticari harcamalarda mil,Bilgi yok – resmî kaynakta yayımlanmamış,https://www.kuveytturk.com.tr/kendim-icin/kartlar/kart-karsilastirma,2026-08-27,Yalnız kamuya açık resmî ürün bilgisinden derlendi.
Kuveyt Türk,Sağlam Business Kart,Ticari Kart,KOBİ / Ticari,Bilgi yok – resmî kaynakta yayımlanmamış,Bilgi yok – resmî kaynakta yayımlanmamış,Bilgi yok – resmî kaynakta yayımlanmamış,Bilgi yok – resmî kaynakta yayımlanmamış,Bilgi yok – resmî kaynakta yayımlanmamış,Bilgi yok – resmî kaynakta yayımlanmamış,Bilgi yok – resmî kaynakta yayımlanmamış,Bilgi yok – resmî kaynakta yayımlanmamış,Bilgi yok – resmî kaynakta yayımlanmamış,Bilgi yok – resmî kaynakta yayımlanmamış,Bilgi yok – resmî kaynakta yayımlanmamış,Bilgi yok – resmî kaynakta yayımlanmamış,KOBİ ve ticari harcamalara yönelik business kart,Bilgi yok – resmî kaynakta yayımlanmamış,https://www.kuveytturk.com.tr/kendim-icin/kartlar/kart-karsilastirma,2026-08-27,Yalnız kamuya açık resmî ürün bilgisinden derlendi.
T.O.M. Katılım,Hadi Kredi Kartı,Kredi Kartı,Bireysel,Mastercard veya TROY (kart tipine göre),Bilgi yok – resmî kaynakta yayımlanmamış,0 TL – yıllık kart ücreti/aidatı yok,Bilgi yok – resmî kaynakta yayımlanmamış,Anlaşmalı markalarda nakit iade kampanyaları,Var,Bilgi yok – resmî kaynakta yayımlanmamış,Bilgi yok – resmî kaynakta yayımlanmamış,Bilgi yok – resmî kaynakta yayımlanmamış,Var,Mastercard: var; TROY: yalnız yurt içi,Bilgi yok – resmî kaynakta yayımlanmamış,Aidatsız kredi kartı + nakit iade kampanyaları,Hadi uygulaması,https://www.tombank.com.tr/hadi-kredi-karti.html,2026-08-27,Yalnız kamuya açık resmî ürün bilgisinden derlendi.
T.O.M. Katılım,Hadi Black Kredi Kartı,Kredi Kartı,Black / paket müşterisi,Bilgi yok – resmî kaynakta yayımlanmamış,Bilgi yok – resmî kaynakta yayımlanmamış,1.000 TL yıllık kart ücreti,Kampanyaya göre değişir; örn. belirli eğitim kampanyalarında vade farksız taksit,Bilgi yok – resmî kaynakta yayımlanmamış,Bilgi yok – resmî kaynakta yayımlanmamış,Bilgi yok – resmî kaynakta yayımlanmamış,Bilgi yok – resmî kaynakta yayımlanmamış,Bilgi yok – resmî kaynakta yayımlanmamış,Bilgi yok – resmî kaynakta yayımlanmamış,Bilgi yok – resmî kaynakta yayımlanmamış,Bilgi yok – resmî kaynakta yayımlanmamış,Hadi Black / Kazananlar Kulübü premium kampanyaları,Hadi uygulaması,https://www.tombank.com.tr/assets/images/doc/kksozlesme_29122025.pdf,2026-08-27,Yalnız kamuya açık resmî ürün bilgisinden derlendi.
T.O.M. Katılım,Hadi Banka Kartı,Banka Kartı,Bireysel,Bilgi yok – resmî kaynakta yayımlanmamış,Bilgi yok – resmî kaynakta yayımlanmamış,Bilgi yok – resmî kaynakta yayımlanmamış,Bilgi yok – resmî kaynakta yayımlanmamış,Kart kampanyalarında indirim / nakit iade,Var,Bilgi yok – resmî kaynakta yayımlanmamış,Bilgi yok – resmî kaynakta yayımlanmamış,Bilgi yok – resmî kaynakta yayımlanmamış,Var,Var,Bilgi yok – resmî kaynakta yayımlanmamış,Hadi/A101/EVE/English Home kanallarıyla edinim ve kart kampanyaları,Hadi / A101 / EVE / English Home,https://www.tombank.com.tr/hadi-banka-karti.html,2026-08-27,Yalnız kamuya açık resmî ürün bilgisinden derlendi.
T.O.M. Katılım,Hadi Sanal Kart,Sanal Kart,Bireysel,Bilgi yok – resmî kaynakta yayımlanmamış,Bilgi yok – resmî kaynakta yayımlanmamış,0 TL – ücretsiz sanal kart,Bilgi yok – resmî kaynakta yayımlanmamış,Bilgi yok – resmî kaynakta yayımlanmamış,Bilgi yok – resmî kaynakta yayımlanmamış,Bilgi yok – resmî kaynakta yayımlanmamış,Kartın kendisi sanal,Bilgi yok – resmî kaynakta yayımlanmamış,Var,Bilgi yok – resmî kaynakta yayımlanmamış,Bilgi yok – resmî kaynakta yayımlanmamış,Hadi uygulamasında internet alışverişi için sanal kart,Hadi uygulaması,https://www.tombank.com.tr/urunlerimiz.html,2026-08-27,Yalnız kamuya açık resmî ürün bilgisinden derlendi.
Türkiye Emlak Katılım,Emlak Katılım Paraf Kredi Kartı,Kredi Kartı,Bireysel,Bilgi yok – resmî kaynakta yayımlanmamış,Paraf / ParafPara,Bilgi yok – resmî kaynakta yayımlanmamış,Anlaşmalı üye işyerlerinde taksit,ParafPara,Var,Bilgi yok – resmî kaynakta yayımlanmamış,Bilgi yok – resmî kaynakta yayımlanmamış,Bilgi yok – resmî kaynakta yayımlanmamış,Var,Var – yabancı para işlemleri TL'ye çevrilir,Nakit avans limiti yok,ParafPara + taksit; aylık akdi kâr payı %0 yayımlanıyor,Ön başvuru / banka kanalları,https://www.emlakkatilim.com.tr/tr/bireysel/kartlar/kredi-karti,2026-08-27,Yalnız kamuya açık resmî ürün bilgisinden derlendi.
Türkiye Emlak Katılım,Emlak Katılım Banka Kartı,Banka Kartı,Bireysel,Bilgi yok – resmî kaynakta yayımlanmamış,Bilgi yok – resmî kaynakta yayımlanmamış,Bilgi yok – resmî kaynakta yayımlanmamış,Bilgi yok – resmî kaynakta yayımlanmamış,Bilgi yok – resmî kaynakta yayımlanmamış,Bilgi yok – resmî kaynakta yayımlanmamış,Bilgi yok – resmî kaynakta yayımlanmamış,Bilgi yok – resmî kaynakta yayımlanmamış,Bilgi yok – resmî kaynakta yayımlanmamış,Bilgi yok – resmî kaynakta yayımlanmamış,Bilgi yok – resmî kaynakta yayımlanmamış,Bilgi yok – resmî kaynakta yayımlanmamış,Cari hesaptan alışveriş ve bankacılık işlemleri,Bilgi yok – resmî kaynakta yayımlanmamış,https://www.emlakkatilim.com.tr/tr/bireysel/kartlar,2026-08-27,Yalnız kamuya açık resmî ürün bilgisinden derlendi.
Türkiye Finans,Happy Zero,Kredi Kartı,Bireysel,Bilgi yok – resmî kaynakta yayımlanmamış,Bonus,0 TL – yıllık üyelik ücreti yok,Bonus üye işyerlerinde taksit; TAKSİTLE hizmeti,Bonus puan,Bilgi yok – resmî kaynakta yayımlanmamış,Bilgi yok – resmî kaynakta yayımlanmamış,Var – bağlı sanal kart oluşturulabilir,Bilgi yok – resmî kaynakta yayımlanmamış,Var,Var,Happy Avans,Aidatsız Bonus kredi kartı,Mobil / İnternet / Şube / SMS / Müşteri İletişim Merkezi,https://www.turkiyefinans.com.tr/tr-tr/bireysel/Sayfalar/kredi-kartlari.aspx,2026-08-27,Yalnız kamuya açık resmî ürün bilgisinden derlendi.
Türkiye Finans,Happy Kart Silver,Kredi Kartı,Bireysel,Bilgi yok – resmî kaynakta yayımlanmamış,Bonus,"300,30 TL yıllık üyelik ücreti",Bonus üye işyerlerinde taksit; TAKSİTLE hizmeti,Bonus puan,Bilgi yok – resmî kaynakta yayımlanmamış,Bilgi yok – resmî kaynakta yayımlanmamış,Var – bağlı sanal kart oluşturulabilir,Bilgi yok – resmî kaynakta yayımlanmamış,Var,Var,Happy Avans,"Bonus, taksit, Happy Avans ve Happy Asistans",Mobil / İnternet / Şube / SMS / Müşteri İletişim Merkezi,https://www.turkiyefinans.com.tr/tr-tr/bireysel/Sayfalar/kredi-kartlari.aspx,2026-08-27,Yalnız kamuya açık resmî ürün bilgisinden derlendi.
Türkiye Finans,Happy Kart Gold,Kredi Kartı,Bireysel,Bilgi yok – resmî kaynakta yayımlanmamış,Bonus,"388,70 TL yıllık üyelik ücreti",Bonus üye işyerlerinde taksit; TAKSİTLE hizmeti,Bonus puan,Bilgi yok – resmî kaynakta yayımlanmamış,Bilgi yok – resmî kaynakta yayımlanmamış,Var – bağlı sanal kart oluşturulabilir,Bilgi yok – resmî kaynakta yayımlanmamış,Var,Var,Happy Avans,"Bonus, taksit ve asistans avantajları",Mobil / İnternet / Şube / SMS / Müşteri İletişim Merkezi,https://www.turkiyefinans.com.tr/tr-tr/bireysel/Sayfalar/kredi-kartlari.aspx,2026-08-27,Yalnız kamuya açık resmî ürün bilgisinden derlendi.
Türkiye Finans,Happy Kart Platinum,Kredi Kartı,Premium,Bilgi yok – resmî kaynakta yayımlanmamış,Bonus,"481,65 TL yıllık üyelik ücreti",Bonus üye işyerlerinde taksit; TAKSİTLE hizmeti,Bonus puan,Bilgi yok – resmî kaynakta yayımlanmamış,Bilgi yok – resmî kaynakta yayımlanmamış,Var – bağlı sanal kart oluşturulabilir,Bilgi yok – resmî kaynakta yayımlanmamış,Var,Var,Happy Avans,"Premium yaşam, asistans ve Bonus avantajları",Mobil / İnternet / Şube / SMS / Müşteri İletişim Merkezi,https://www.turkiyefinans.com.tr/tr-tr/bireysel/Sayfalar/kredi-kartlari.aspx,2026-08-27,Yalnız kamuya açık resmî ürün bilgisinden derlendi.
Türkiye Finans,Âlâ Kredi Kartı,Kredi Kartı,Özel / Âlâ,Bilgi yok – resmî kaynakta yayımlanmamış,Bonus,"2.834,40 TL yıllık üyelik ücreti",Bonus üye işyerlerinde taksit; TAKSİTLE hizmeti,Bonus puan,Bilgi yok – resmî kaynakta yayımlanmamış,Bilgi yok – resmî kaynakta yayımlanmamış,Var – bağlı sanal kart oluşturulabilir,Bilgi yok – resmî kaynakta yayımlanmamış,Var,Var,Happy Avans,Âlâ segmentine özel premium kredi kartı,Mobil / İnternet / Şube / SMS / Müşteri İletişim Merkezi,https://www.turkiyefinans.com.tr/tr-tr/bireysel/Sayfalar/kredi-kartlari.aspx,2026-08-27,Yalnız kamuya açık resmî ürün bilgisinden derlendi.
Türkiye Finans,Happy Sanal Kart,Sanal Kredi Kartı,Bireysel,Bilgi yok – resmî kaynakta yayımlanmamış,Bonus,Bilgi yok – resmî kaynakta yayımlanmamış,Bilgi yok – resmî kaynakta yayımlanmamış,Bilgi yok – resmî kaynakta yayımlanmamış,Bilgi yok – resmî kaynakta yayımlanmamış,Bilgi yok – resmî kaynakta yayımlanmamış,Kartın kendisi sanal,Bilgi yok – resmî kaynakta yayımlanmamış,Var,Bilgi yok – resmî kaynakta yayımlanmamış,Bilgi yok – resmî kaynakta yayımlanmamış,Asıl Happy karta bağlı güvenli internet alışverişi,Bilgi yok – resmî kaynakta yayımlanmamış,https://www.turkiyefinans.com.tr/tr-tr/bireysel/Sayfalar/kredi-kartlari.aspx,2026-08-27,Yalnız kamuya açık resmî ürün bilgisinden derlendi.
Türkiye Finans,Happy Ek Kart,Ek Kredi Kartı,Bireysel,Bilgi yok – resmî kaynakta yayımlanmamış,Bonus,Bilgi yok – resmî kaynakta yayımlanmamış,Bilgi yok – resmî kaynakta yayımlanmamış,Bilgi yok – resmî kaynakta yayımlanmamış,Bilgi yok – resmî kaynakta yayımlanmamış,Bilgi yok – resmî kaynakta yayımlanmamış,Bilgi yok – resmî kaynakta yayımlanmamış,Kartın kendisi ek kart,Bilgi yok – resmî kaynakta yayımlanmamış,Bilgi yok – resmî kaynakta yayımlanmamış,Bilgi yok – resmî kaynakta yayımlanmamış,Asıl kart hesabına bağlı Happy avantajları,Bilgi yok – resmî kaynakta yayımlanmamış,https://www.turkiyefinans.com.tr/tr-tr/bireysel/Sayfalar/kredi-kartlari.aspx,2026-08-27,Yalnız kamuya açık resmî ürün bilgisinden derlendi.
Vakıf Katılım,VKart Mastercard,Kredi Kartı,Bireysel,Mastercard,Bilgi yok – resmî kaynakta yayımlanmamış,Masraf yok ifadesi yayımlanıyor,Taksit özelliği var,Bilgi yok – resmî kaynakta yayımlanmamış,Bilgi yok – resmî kaynakta yayımlanmamış,Bilgi yok – resmî kaynakta yayımlanmamış,Bilgi yok – resmî kaynakta yayımlanmamış,Bilgi yok – resmî kaynakta yayımlanmamış,Var,Var,Bilgi yok – resmî kaynakta yayımlanmamış,Masrafsız bireysel kredi kartı,Bilgi yok – resmî kaynakta yayımlanmamış,https://www.vakifkatilim.com.tr/tr/kendim-icin/kartlar/kredi-karti,2026-08-27,Yalnız kamuya açık resmî ürün bilgisinden derlendi.
Vakıf Katılım,TROY Dijital Kredi Kartı,Dijital Kredi Kartı,Bireysel,TROY,Bilgi yok – resmî kaynakta yayımlanmamış,Masraf yok ifadesi yayımlanıyor,Bilgi yok – resmî kaynakta yayımlanmamış,Bilgi yok – resmî kaynakta yayımlanmamış,Bilgi yok – resmî kaynakta yayımlanmamış,Bilgi yok – resmî kaynakta yayımlanmamış,Dijital kart,Bilgi yok – resmî kaynakta yayımlanmamış,Var,Bilgi yok – resmî kaynakta yayımlanmamış,Bilgi yok – resmî kaynakta yayımlanmamış,TROY altyapılı dijital kredi kartı,Bilgi yok – resmî kaynakta yayımlanmamış,https://www.vakifkatilim.com.tr/tr/kendim-icin/kartlar/kredi-karti,2026-08-27,Yalnız kamuya açık resmî ürün bilgisinden derlendi.
Vakıf Katılım,VKart TROY,Kredi Kartı,Bireysel,TROY,Bilgi yok – resmî kaynakta yayımlanmamış,Masraf yok ifadesi yayımlanıyor,Taksit özelliği var,Bilgi yok – resmî kaynakta yayımlanmamış,Bilgi yok – resmî kaynakta yayımlanmamış,Bilgi yok – resmî kaynakta yayımlanmamış,Bilgi yok – resmî kaynakta yayımlanmamış,Bilgi yok – resmî kaynakta yayımlanmamış,Var,Bilgi yok – resmî kaynakta yayımlanmamış,Bilgi yok – resmî kaynakta yayımlanmamış,TROY altyapılı fiziksel kredi kartı,Bilgi yok – resmî kaynakta yayımlanmamış,https://www.vakifkatilim.com.tr/tr/kendim-icin/kartlar/kredi-karti,2026-08-27,Yalnız kamuya açık resmî ürün bilgisinden derlendi.
Vakıf Katılım,Sanal Kart,Sanal Kredi Kartı,Bireysel,Bilgi yok – resmî kaynakta yayımlanmamış,Bilgi yok – resmî kaynakta yayımlanmamış,Masraf yok ifadesi yayımlanıyor,Bilgi yok – resmî kaynakta yayımlanmamış,Bilgi yok – resmî kaynakta yayımlanmamış,Bilgi yok – resmî kaynakta yayımlanmamış,Bilgi yok – resmî kaynakta yayımlanmamış,Kartın kendisi sanal,Bilgi yok – resmî kaynakta yayımlanmamış,Var,Bilgi yok – resmî kaynakta yayımlanmamış,Bilgi yok – resmî kaynakta yayımlanmamış,İnternet alışverişlerinde sanal kart,Bilgi yok – resmî kaynakta yayımlanmamış,https://www.vakifkatilim.com.tr/tr/kendim-icin/kartlar/kredi-karti,2026-08-27,Yalnız kamuya açık resmî ürün bilgisinden derlendi.
Vakıf Katılım,VKart Business,Ticari Kart,KOBİ / Ticari,Bilgi yok – resmî kaynakta yayımlanmamış,Bilgi yok – resmî kaynakta yayımlanmamış,Bilgi yok – resmî kaynakta yayımlanmamış,Bilgi yok – resmî kaynakta yayımlanmamış,Bilgi yok – resmî kaynakta yayımlanmamış,Bilgi yok – resmî kaynakta yayımlanmamış,Bilgi yok – resmî kaynakta yayımlanmamış,Bilgi yok – resmî kaynakta yayımlanmamış,Bilgi yok – resmî kaynakta yayımlanmamış,Bilgi yok – resmî kaynakta yayımlanmamış,Bilgi yok – resmî kaynakta yayımlanmamış,Bilgi yok – resmî kaynakta yayımlanmamış,Ticari harcamalara yönelik VKart Business,Bilgi yok – resmî kaynakta yayımlanmamış,https://www.vakifkatilim.com.tr/tr/kendim-icin/kartlar,2026-08-27,Yalnız kamuya açık resmî ürün bilgisinden derlendi.
Ziraat Katılım,Bankkart Kredi Kartı,Kredi Kartı,Bireysel,Bilgi yok – resmî kaynakta yayımlanmamış,Bankkart / Bankkart Lira,Bilgi yok – resmî kaynakta yayımlanmamış,Bankkart üye işyerlerinde taksit; belirli 1.000–5.000 TL harcamalarda kâr paysız 2/3/4 taksit,Bankkart Lira,Var – 2.500 TL ve altı şifresiz,Bilgi yok – resmî kaynakta yayımlanmamış,Var – sanal kart oluşturulabilir,Bilgi yok – resmî kaynakta yayımlanmamış,Var – 3D Secure,Bilgi yok – resmî kaynakta yayımlanmamış,Bilgi yok – resmî kaynakta yayımlanmamış,Bankkart Lira + taksit + belirli harcamalarda kâr paysız sonradan taksit,Mobil / İnternet / Şube,https://www.ziraatkatilim.com.tr/bireysel/kartlar/kredi-karti,2026-08-27,Yalnız kamuya açık resmî ürün bilgisinden derlendi.
Ziraat Katılım,Bankkart Ücretsiz,Kredi Kartı,Bireysel,Bilgi yok – resmî kaynakta yayımlanmamış,Bilgi yok – resmî kaynakta yayımlanmamış,0 TL – kart aidatı yok,Bilgi yok – resmî kaynakta yayımlanmamış,Bilgi yok – resmî kaynakta yayımlanmamış,Var – 2.500 TL ve altı şifresiz,Bilgi yok – resmî kaynakta yayımlanmamış,Bilgi yok – resmî kaynakta yayımlanmamış,Bilgi yok – resmî kaynakta yayımlanmamış,Var,Bilgi yok – resmî kaynakta yayımlanmamış,Bilgi yok – resmî kaynakta yayımlanmamış,Aidatsız kredi kartı,Bilgi yok – resmî kaynakta yayımlanmamış,https://www.ziraatkatilim.com.tr/bireysel/kartlar/bankkart-ucretsiz,2026-08-27,Yalnız kamuya açık resmî ürün bilgisinden derlendi.
Ziraat Katılım,Aile Kart (TROY),Kredi Kartı,Aile,TROY,Bilgi yok – resmî kaynakta yayımlanmamış,Bilgi yok – resmî kaynakta yayımlanmamış,Bilgi yok – resmî kaynakta yayımlanmamış,Bilgi yok – resmî kaynakta yayımlanmamış,Bilgi yok – resmî kaynakta yayımlanmamış,Bilgi yok – resmî kaynakta yayımlanmamış,Bilgi yok – resmî kaynakta yayımlanmamış,Bilgi yok – resmî kaynakta yayımlanmamış,Bilgi yok – resmî kaynakta yayımlanmamış,Bilgi yok – resmî kaynakta yayımlanmamış,Bilgi yok – resmî kaynakta yayımlanmamış,Aile finansal yaşamına kontrol odaklı TROY kart,Bilgi yok – resmî kaynakta yayımlanmamış,https://www.ziraatkatilim.com.tr/bireysel/kartlar,2026-08-27,Yalnız kamuya açık resmî ürün bilgisinden derlendi.
Ziraat Katılım,Bağımsız Kart (TROY),Kredi Kartı,Bireysel,TROY,Bilgi yok – resmî kaynakta yayımlanmamış,Bilgi yok – resmî kaynakta yayımlanmamış,Bilgi yok – resmî kaynakta yayımlanmamış,Bilgi yok – resmî kaynakta yayımlanmamış,Bilgi yok – resmî kaynakta yayımlanmamış,Bilgi yok – resmî kaynakta yayımlanmamış,Bilgi yok – resmî kaynakta yayımlanmamış,Bilgi yok – resmî kaynakta yayımlanmamış,Bilgi yok – resmî kaynakta yayımlanmamış,Bilgi yok – resmî kaynakta yayımlanmamış,Bilgi yok – resmî kaynakta yayımlanmamış,Yeşilay iş birliği ve bağımlılıklardan uzak yaşam odağı,Bilgi yok – resmî kaynakta yayımlanmamış,https://www.ziraatkatilim.com.tr/bireysel/kartlar,2026-08-27,Yalnız kamuya açık resmî ürün bilgisinden derlendi.
Ziraat Katılım,Sanal Kart,Sanal Kredi Kartı,Bireysel,Bilgi yok – resmî kaynakta yayımlanmamış,Bankkart,Bilgi yok – resmî kaynakta yayımlanmamış,Bilgi yok – resmî kaynakta yayımlanmamış,Bilgi yok – resmî kaynakta yayımlanmamış,Bilgi yok – resmî kaynakta yayımlanmamış,Bilgi yok – resmî kaynakta yayımlanmamış,Kartın kendisi sanal,Bilgi yok – resmî kaynakta yayımlanmamış,Var,Bilgi yok – resmî kaynakta yayımlanmamış,Bilgi yok – resmî kaynakta yayımlanmamış,Bankkart'a bağlı güvenli sanal alışveriş kartı,Bilgi yok – resmî kaynakta yayımlanmamış,https://www.ziraatkatilim.com.tr/bireysel/kartlar,2026-08-27,Yalnız kamuya açık resmî ürün bilgisinden derlendi.
Ziraat Katılım,Banka Kartı,Banka Kartı,Bireysel,Bilgi yok – resmî kaynakta yayımlanmamış,Bilgi yok – resmî kaynakta yayımlanmamış,Bilgi yok – resmî kaynakta yayımlanmamış,Bilgi yok – resmî kaynakta yayımlanmamış,Bilgi yok – resmî kaynakta yayımlanmamış,Bilgi yok – resmî kaynakta yayımlanmamış,Bilgi yok – resmî kaynakta yayımlanmamış,Bilgi yok – resmî kaynakta yayımlanmamış,Bilgi yok – resmî kaynakta yayımlanmamış,Bilgi yok – resmî kaynakta yayımlanmamış,Bilgi yok – resmî kaynakta yayımlanmamış,Bilgi yok – resmî kaynakta yayımlanmamış,Cari hesaba bağlı alışveriş ve para çekme kartı,Bilgi yok – resmî kaynakta yayımlanmamış,https://www.ziraatkatilim.com.tr/bireysel/kartlar,2026-08-27,Yalnız kamuya açık resmî ürün bilgisinden derlendi.
